Div,Date,HomeTeam,AwayTeam,FTHG,FTAG,FTR,HTHG,HTAG,HTR,Attendance,Referee,HS,AS,HST,AST,HHW,AHW,HC,AC,HF,AF,HO,AO,HY,AY,HR,AR
E0,19/08/05,Charlton,Man City,4,0,H,2,0,H,20043,Rob Harris,17,8,14,4,2,1,6,6,13,12,8,6,1,2,0,0
E0,19/08/05,Chelsea,West Ham,4,2,H,1,0,H,34914,Graham Barber,17,12,10,5,1,0,7,7,19,14,2,3,1,2,0,0
E0,19/08/05,Coventry,Middlesbrough,1,3,A,1,1,D,20624,Barry Knight,6,16,3,9,0,1,8,4,15,21,1,3,5,3,1,0
E0,19/08/05,Derby,Southampton,2,2,D,1,2,A,27223,Andy D'Urso,6,13,4,6,0,0,5,8,11,13,0,2,1,1,0,0
E0,19/08/05,Leeds,Everton,2,0,H,2,0,H,40010,Dermot Gallagher,17,12,8,6,0,0,6,4,21,20,6,1,1,3,0,0
E0,19/08/05,Leicester,Aston Villa,0,0,D,0,0,D,21455,Mike Riley,5,5,4,3,0,0,5,4,12,12,1,4,2,3,0,0
E0,19/08/05,Liverpool,Bradford,1,0,H,0,0,D,44183,Paul Durkin,16,3,10,2,0,0,6,1,8,8,5,0,1,1,0,0
E0,19/08/05,Sunderland,Arsenal,1,0,H,0,0,D,46346,Steve Dunn,8,14,2,7,0,0,2,9,10,21,2,3,3,1,0,1
E0,19/08/05,Tottenham,Ipswich,3,1,H,2,1,H,36148,Alan Wiley,20,15,6,5,2,1,3,4,14,13,2,3,0,0,0,0
E0,20/08/05,Man United,Newcastle,2,0,H,1,0,H,67477,Steve Lodge,19,9,9,6,2,0,7,1,7,13,5,9,0,1,0,0
E0,21/08/05,Arsenal,Liverpool,2,0,H,1,0,H,38014,Graham Poll,17,7,12,4,0,0,10,11,25,20,5,4,2,4,1,2
E0,22/08/05,Bradford,Chelsea,2,0,H,1,0,H,17872,Mark Halsey,12,14,3,6,0,0,6,4,14,16,5,6,0,1,0,0
E0,22/08/05,Ipswich,Man United,1,1,D,1,1,D,22007,Jeff Winter,13,15,8,6,0,0,4,6,10,7,9,4,1,4,0,0
E0,22/08/05,Middlesbrough,Tottenham,1,1,D,0,1,A,31254,Peter Jones,12,11,6,4,0,0,5,5,9,18,2,3,2,1,0,0
E0,23/08/05,Everton,Charlton,3,0,H,0,0,D,36300,Andy Hall,13,8,8,4,0,0,3,5,17,15,1,4,2,1,0,1
E0,23/08/05,Man City,Sunderland,4,2,H,2,0,H,34410,David Ellaray,15,9,10,4,0,0,7,3,24,14,5,4,3,3,0,0
E0,23/08/05,Newcastle,Derby,3,2,H,1,1,D,51327,Dermot Gallagher,9,10,4,5,0,0,9,6,23,11,2,3,0,3,1,0
E0,23/08/05,Southampton,Coventry,1,2,A,0,1,A,14801,F Taylor,12,7,4,5,0,0,6,5,18,20,0,6,5,3,0,0
E0,23/08/05,West Ham,Leicester,0,1,A,0,0,D,25195,Rob Styles,17,4,12,2,1,0,11,5,16,14,3,1,3,3,1,0
E0,26/08/05,Arsenal,Charlton,5,3,H,1,2,A,38025,Steve Lodge,18,7,9,4,0,0,8,3,12,15,3,2,0,1,0,0
E0,26/08/05,Bradford,Leicester,0,0,D,0,0,D,16766,Steve Bennett,8,13,4,8,0,0,6,8,11,12,4,4,1,2,0,0
E0,26/08/05,Everton,Derby,2,2,D,2,0,H,34840,Mike Riley,12,7,9,4,0,0,11,2,11,9,2,2,2,3,0,0
E0,26/08/05,Ipswich,Sunderland,1,0,H,0,0,D,21830,Graham Poll,14,9,5,3,1,0,7,6,10,12,3,10,1,1,0,0
E0,26/08/05,Man City,Coventry,1,2,A,0,2,A,34140,Andy D'Urso,14,9,5,8,1,0,5,5,7,12,3,10,2,3,0,0
E0,26/08/05,Middlesbrough,Leeds,1,2,A,0,2,A,31626,Graham Barber,15,16,8,11,0,0,4,8,12,20,4,5,2,0,0,0
E0,26/08/05,Newcastle,Tottenham,2,0,H,1,0,H,51573,David Ellaray,15,10,6,2,1,1,4,2,13,10,6,4,0,0,0,0
E0,26/08/05,Southampton,Liverpool,3,3,D,0,1,A,15202,Jeff Winter,14,9,7,4,2,0,7,1,7,6,4,4,0,0,0,0
E0,26/08/05,West Ham,Man United,2,2,D,0,1,A,25998,Dermot Gallagher,17,8,8,5,0,2,7,5,12,9,5,1,1,0,0,0
E0,27/08/05,Aston Villa,Chelsea,1,1,D,1,1,D,27056,Paul Durkin,12,11,9,7,0,0,7,10,13,12,2,0,0,1,0,0
E0,05/09/05,Leeds,Man City,1,2,A,0,2,A,40055,Graham Poll,6,8,1,3,1,1,9,4,18,24,2,2,2,2,0,0
E0,05/09/05,Man United,Bradford,6,0,H,2,0,H,67447,Ian Harris,21,6,12,4,1,1,5,1,12,10,4,9,0,1,0,0
E0,05/09/05,Sunderland,West Ham,1,1,D,1,1,D,46605,Peter Jones,17,16,7,9,1,0,4,11,19,14,2,10,2,3,0,0
E0,05/09/05,Tottenham,Everton,3,2,H,1,2,A,35316,Barry Knight,11,11,7,6,1,0,7,5,11,10,11,7,1,2,0,0
E0,06/09/05,Charlton,Southampton,1,1,D,0,0,D,20043,Mark Halsey,8,11,6,3,0,0,10,14,14,16,4,3,3,3,1,0
E0,06/09/05,Chelsea,Arsenal,2,2,D,1,0,H,34923,Mike Riley,12,13,5,5,1,1,7,6,16,22,2,2,3,1,0,0
E0,06/09/05,Coventry,Newcastle,0,2,A,0,1,A,22109,Alan Wiley,13,13,3,6,1,0,6,8,11,18,10,3,1,1,0,0
E0,06/09/05,Derby,Middlesbrough,3,3,D,0,1,A,24290,Rob Styles,9,5,5,4,0,0,11,5,8,10,3,5,3,2,0,0
E0,06/09/05,Leicester,Ipswich,2,1,H,0,0,D,19598,Paul Taylor,12,7,6,3,0,0,6,2,12,13,3,0,1,1,0,0
E0,06/09/05,Liverpool,Aston Villa,3,1,H,3,0,H,43360,Neale Barry,11,9,7,4,0,0,8,7,13,7,4,3,0,2,0,0
E0,09/09/05,Bradford,Arsenal,1,1,D,1,0,H,17160,Alan Wiley,9,18,5,11,0,1,4,10,17,13,4,7,0,2,0,0
E0,09/09/05,Coventry,Leeds,0,0,D,0,0,D,20377,Paul Durkin,9,11,1,5,0,0,6,6,15,14,3,10,2,2,0,0
E0,09/09/05,Ipswich,Aston Villa,1,2,A,0,1,A,22065,Andy D'Urso,15,5,5,2,0,0,5,3,9,13,4,3,1,3,0,0
E0,09/09/05,Leicester,Southampton,1,0,H,0,0,D,18366,Mike Dean,17,9,6,5,0,0,10,6,6,9,2,1,0,0,0,0
E0,09/09/05,Liverpool,Man City,3,2,H,1,0,H,44692,Graham Barber,14,9,8,7,0,0,9,4,17,17,3,5,3,4,0,0
E0,09/09/05,Man United,Sunderland,3,0,H,1,0,H,67503,Neale Barry,15,5,7,1,1,0,4,4,18,14,3,6,1,3,0,0
E0,09/09/05,Middlesbrough,Everton,1,2,A,1,0,H,30885,Steve Bennett,9,12,5,9,0,0,7,7,16,5,6,7,3,0,0,0
E0,09/09/05,Newcastle,Chelsea,0,0,D,0,0,D,51687,Graham Poll,10,10,4,3,0,0,5,6,17,21,4,6,0,3,0,0
E0,10/09/05,Derby,Charlton,2,2,D,2,0,H,22310,Peter Jones,12,10,6,6,0,0,4,11,17,12,0,3,3,1,0,0
E0,11/09/05,Tottenham,West Ham,1,0,H,0,0,D,33282,Steve Dunn,15,11,7,5,1,0,11,3,14,13,2,7,1,2,0,0
E0,16/09/05,Arsenal,Coventry,2,1,H,1,0,H,37794,Mike Dean,18,6,13,2,0,1,8,4,5,13,3,0,1,2,0,0
E0,16/09/05,Aston Villa,Bradford,2,0,H,1,0,H,27849,Rob Styles,12,8,7,4,0,0,5,6,8,12,10,10,0,2,0,0
E0,16/09/05,Charlton,Tottenham,1,0,H,1,0,H,20043,Jeff Winter,9,10,5,5,1,1,7,5,8,10,3,2,0,0,0,0
E0,16/09/05,Everton,Man United,1,3,A,0,3,A,38541,Dermot Gallagher,6,17,4,9,0,1,6,5,10,11,12,4,4,1,0,0
E0,16/09/05,Leeds,Ipswich,1,2,A,1,1,D,35552,Mark Halsey,11,12,6,7,0,0,6,3,12,19,6,0,1,3,0,0
E0,16/09/05,Southampton,Newcastle,2,0,H,0,0,D,15221,Barry Knight,13,10,9,7,0,0,4,8,14,14,4,4,0,0,0,0
E0,16/09/05,Sunderland,Derby,2,1,H,1,0,H,45343,Paul Taylor,15,10,8,5,2,0,4,5,16,28,0,5,2,3,0,0
E0,17/09/05,Chelsea,Leicester,0,2,A,0,1,A,33697,Graham Barber,16,7,10,5,1,0,15,3,16,17,1,4,3,1,0,0
E0,17/09/05,Man City,Middlesbrough,1,1,D,0,0,D,32053,Steve Lodge,11,4,4,2,1,0,9,3,15,11,3,2,2,5,0,0
E0,17/09/05,West Ham,Liverpool,1,1,D,0,1,A,25998,David Ellaray,15,7,4,2,0,0,9,0,5,13,6,3,0,2,0,0
E0,23/09/05,Bradford,Southampton,0,1,A,0,1,A,16163,Steve Dunn,14,6,6,4,0,0,7,5,14,18,5,6,3,1,0,0
E0,23/09/05,Coventry,West Ham,0,3,A,0,2,A,20120,Neale Barry,9,12,2,10,1,0,5,6,12,11,0,6,0,1,0,0
E0,23/09/05,Derby,Leeds,1,1,D,0,1,A,26248,Barry Knight,13,16,7,6,1,1,7,4,17,15,3,3,2,2,1,0
E0,23/09/05,Ipswich,Arsenal,1,1,D,0,0,D,22030,Paul Durkin,17,10,6,4,0,0,4,7,8,13,1,6,1,2,0,0
E0,23/09/05,Liverpool,Sunderland,1,1,D,1,1,D,44713,Mike Riley,11,8,6,3,0,0,12,3,14,18,8,5,2,2,0,0
E0,23/09/05,Man United,Chelsea,3,3,D,3,2,H,67568,Peter Jones,11,13,5,5,1,0,8,4,15,19,3,6,3,2,0,0
E0,23/09/05,Middlesbrough,Aston Villa,1,1,D,0,0,D,27556,Mark Halsey,12,15,5,7,0,1,5,5,7,14,6,2,3,0,0,0
E0,23/09/05,Newcastle,Charlton,0,1,A,0,1,A,50866,Andy D'Urso,12,4,5,2,0,1,4,7,14,10,3,11,1,2,0,0
E0,23/09/05,Tottenham,Man City,0,0,D,0,0,D,36069,Steve Bennett,18,7,5,2,1,0,5,4,10,14,2,4,0,2,0,0
E0,24/09/05,Leicester,Everton,1,1,D,1,0,H,18084,Alan Wiley,10,9,4,3,1,0,9,3,14,13,1,1,3,1,0,0
E0,30/09/05,Aston Villa,Derby,4,1,H,2,0,H,27941,David Ellaray,12,11,7,6,0,1,6,6,0,1,4,3,1,1,0,0
E0,30/09/05,Charlton,Coventry,2,2,D,0,1,A,20043,Rob Styles,12,10,8,6,1,0,6,6,8,16,5,0,1,2,0,0
E0,30/09/05,Everton,Ipswich,0,3,A,0,1,A,32597,Jeff Winter,7,9,3,7,0,0,4,1,6,5,2,4,1,0,0,0
E0,30/09/05,Leeds,Tottenham,4,3,H,0,1,A,37562,Neale Barry,14,10,7,5,1,0,6,4,11,20,4,1,0,2,0,0
E0,30/09/05,Man City,Newcastle,0,1,A,0,0,D,34497,Paul Taylor,9,15,7,9,0,1,10,8,16,12,7,8,0,1,0,0
E0,30/09/05,Southampton,Middlesbrough,1,3,A,0,2,A,14903,Graham Poll,16,7,8,5,2,0,6,6,6,22,5,1,2,2,0,0
E0,30/09/05,West Ham,Bradford,1,1,D,1,0,H,25407,Mike Dean,14,9,6,6,0,0,7,2,14,10,8,0,3,2,0,0
E0,01/10/05,Arsenal,Man United,1,0,H,1,0,H,38146,Graham Barber,7,13,5,4,0,0,3,11,18,17,8,1,2,3,0,0
E0,01/10/05,Chelsea,Liverpool,3,0,H,2,0,H,34966,Dermot Gallagher,11,10,5,2,0,0,3,1,14,14,4,2,1,1,0,0
E0,01/10/05,Sunderland,Leicester,0,0,D,0,0,D,45338,Steve Lodge,11,8,5,2,0,0,6,2,12,8,4,9,3,1,0,0
E0,14/10/05,Arsenal,Aston Villa,1,0,H,0,0,D,38046,Rob Harris,16,8,10,3,0,0,7,4,12,20,3,3,1,4,0,1
E0,14/10/05,Coventry,Tottenham,2,1,H,2,0,H,21435,Peter Jones,0,4,5,5,0,1,3,5,12,16,3,6,0,4,1,0
E0,14/10/05,Everton,Southampton,1,1,D,0,0,D,29491,David Ellaray,7,7,3,4,0,0,9,8,16,13,1,1,1,3,0,0
E0,14/10/05,Ipswich,West Ham,1,1,D,1,0,H,22243,Neale Barry,11,7,8,2,1,0,8,5,10,11,1,5,0,4,0,0
E0,14/10/05,Leeds,Charlton,3,1,H,1,0,H,38837,Mike Dean,22,10,10,8,0,0,8,5,7,9,2,1,0,1,0,0
E0,14/10/05,Leicester,Man United,0,3,A,0,1,A,22132,Paul Durkin,10,16,4,5,0,1,6,7,8,11,3,2,0,0,0,0
E0,14/10/05,Man City,Bradford,2,0,H,2,0,H,34229,Barry Knight,13,10,10,2,1,0,5,6,10,16,7,8,0,2,0,0
E0,14/10/05,Sunderland,Chelsea,1,0,H,0,0,D,45078,Jeff Winter,16,11,11,2,1,0,5,0,12,18,3,1,0,1,1,1
E0,15/10/05,Derby,Liverpool,0,4,A,0,1,A,30352,Steve Bennett,6,16,0,11,0,0,4,3,18,13,5,9,1,1,0,0
E0,16/10/05,Middlesbrough,Newcastle,1,3,A,0,1,A,31436,Steve Dunn,8,15,2,8,0,0,6,6,8,13,4,4,2,1,0,0
E0,21/10/05,Bradford,Ipswich,0,2,A,0,1,A,17045,Paul Taylor,7,12,3,3,0,1,9,1,15,14,6,3,1,0,0,0
E0,21/10/05,Charlton,Middlesbrough,1,0,H,0,0,D,20043,Mike Riley,5,8,2,6,0,0,5,6,11,19,4,2,2,2,0,0
E0,21/10/05,Chelsea,Coventry,6,1,H,2,0,H,34646,Steve Lodge,33,3,19,3,1,0,10,0,6,8,3,5,0,1,0,1
E0,21/10/05,Liverpool,Leicester,1,0,H,0,0,D,44395,Andy D'Urso,24,8,11,3,0,0,10,9,8,10,1,3,1,2,0,0
E0,21/10/05,Man United,Leeds,3,0,H,1,0,H,67523,Jeff Winter,26,5,14,0,0,0,12,4,9,18,1,9,0,2,0,0
E0,21/10/05,Newcastle,Everton,0,1,A,0,0,D,51625,Mark Halsey,11,9,4,4,0,0,5,4,9,12,3,3,1,3,0,0
E0,21/10/05,Tottenham,Derby,3,1,H,2,1,H,34483,Mike Dean,18,8,8,7,0,0,7,4,9,16,7,6,1,2,0,0
E0,21/10/05,West Ham,Arsenal,1,2,A,0,2,A,26034,Dermot Gallagher,11,13,3,5,0,0,5,4,15,11,5,6,1,0,0,0
E0,22/10/05,Aston Villa,Sunderland,0,0,D,0,0,D,27215,Rob Styles,17,7,4,3,0,1,7,3,11,17,4,4,1,3,0,0
E0,23/10/05,Southampton,Man City,0,2,A,0,1,A,15056,Alan Wiley,19,11,6,4,0,0,9,3,10,15,2,0,1,2,0,0
E0,28/10/05,Arsenal,Man City,5,0,H,1,0,H,38049,Rob Styles,22,6,14,2,1,0,10,4,6,13,7,4,0,3,0,1
E0,28/10/05,Aston Villa,Charlton,2,1,H,2,0,H,27461,Dermot Gallagher,12,7,7,4,1,0,9,6,13,11,3,4,3,2,0,0
E0,28/10/05,Chelsea,Tottenham,3,0,H,2,0,H,34966,Steve Dunn,9,6,7,3,1,0,2,3,12,14,5,2,3,3,0,0
E0,28/10/05,Ipswich,Middlesbrough,2,1,H,2,0,H,21771,Neale Barry,19,7,11,3,1,0,6,1,8,17,1,4,0,2,0,0
E0,28/10/05,Leicester,Derby,2,1,H,1,1,D,20525,Graham Poll,9,7,5,2,0,0,7,3,9,18,2,1,0,3,0,0
E0,28/10/05,Man United,Southampton,5,0,H,2,0,H,67581,Andy D'Urso,16,12,8,5,1,0,7,7,5,9,3,5,0,0,0,0
E0,28/10/05,Sunderland,Coventry,1,0,H,0,0,D,44526,Alan Wiley,11,10,7,4,0,0,1,3,17,10,3,12,2,2,0,0
E0,28/10/05,West Ham,Newcastle,1,0,H,0,0,D,26044,Mike Riley,11,12,4,5,0,1,3,8,15,10,1,3,3,2,0,0
E0,29/10/05,Bradford,Leeds,1,1,D,1,0,H,17364,Steve Lodge,11,12,6,9,0,0,5,9,15,15,3,8,3,4,0,0
E0,29/10/05,Liverpool,Everton,3,1,H,1,1,D,44718,Paul Durkin,10,9,8,7,0,0,9,6,10,10,7,5,0,1,0,1
E0,04/11/05,Charlton,Bradford,2,0,H,2,0,H,19655,Neale Barry,11,12,7,8,0,0,3,6,10,20,9,1,0,1,0,1
E0,04/11/05,Coventry,Man United,1,2,A,0,2,A,21079,Graham Poll,4,11,2,6,0,1,3,9,17,8,4,5,1,1,0,0
E0,04/11/05,Leeds,Liverpool,4,3,H,1,2,A,40055,David Ellaray,10,14,7,8,1,0,7,7,18,18,10,4,1,4,0,0
E0,04/11/05,Man City,Leicester,0,1,A,0,0,D,34279,Mark Halsey,14,3,3,2,0,0,9,4,12,14,0,8,1,2,0,0
E0,04/11/05,Middlesbrough,Arsenal,0,1,A,0,1,A,29541,Andy D'Urso,4,11,3,8,0,0,5,8,10,11,3,4,1,1,1,0
E0,04/11/05,Newcastle,Ipswich,2,1,H,1,1,D,50922,Alan Wiley,11,8,6,5,0,0,7,4,13,7,7,5,1,0,0,0
E0,04/11/05,Southampton,Chelsea,3,2,H,2,0,H,15236,Jeff Winter,10,9,4,4,1,1,7,7,16,11,3,2,4,2,0,0
E0,04/11/05,Tottenham,Sunderland,2,1,H,1,0,H,36016,Dermot Gallagher,11,12,6,3,0,0,8,7,18,9,3,4,1,0,1,0
E0,05/11/05,Everton,Aston Villa,0,1,A,0,0,D,27670,Steve Lodge,14,4,6,1,0,0,6,2,17,23,1,1,3,2,0,0
E0,06/11/05,Derby,West Ham,0,0,D,0,0,D,24621,Paul Durkin,14,6,2,6,0,0,6,1,14,18,1,2,1,1,0,0
E0,11/11/05,Arsenal,Derby,0,0,D,0,0,D,37679,Steve Lodge,15,9,9,2,0,1,10,0,12,13,9,3,0,2,0,0
E0,11/11/05,Aston Villa,Tottenham,2,0,H,1,0,H,33608,Barry Knight,11,3,6,2,0,0,10,1,15,13,1,3,0,3,0,0
E0,11/11/05,Bradford,Everton,0,1,A,0,0,D,17276,Rob Harris,11,9,6,4,1,0,3,3,8,18,3,5,1,2,0,0
E0,11/11/05,Ipswich,Charlton,2,0,H,0,0,D,22263,Steve Bennett,30,7,13,4,0,0,13,3,8,12,2,4,0,2,0,0
E0,11/11/05,Leicester,Newcastle,1,1,D,0,0,D,21406,Rob Styles,8,7,4,1,0,0,0,3,7,8,6,3,1,1,0,0
E0,11/11/05,Man United,Middlesbrough,2,1,H,0,1,A,67576,Paul Durkin,18,5,11,1,0,0,10,0,5,10,8,5,0,0,0,0
E0,11/11/05,Sunderland,Southampton,2,2,D,1,1,D,45064,Mike Dean,11,10,5,5,1,0,7,4,13,21,3,4,1,1,0,0
E0,11/11/05,West Ham,Man City,4,1,H,0,1,A,26022,Jeff Winter,22,10,11,5,1,0,7,5,7,7,7,6,1,1,0,0
E0,12/11/05,Chelsea,Leeds,1,1,D,0,0,D,35121,Graham Poll,12,11,7,3,0,0,3,2,19,24,2,6,4,4,0,0
E0,12/11/05,Liverpool,Coventry,4,1,H,1,0,H,43701,Mike Riley,19,10,13,5,0,0,7,1,10,12,4,1,1,0,0,0
E0,18/11/05,Charlton,Chelsea,2,0,H,1,0,H,20043,Paul Durkin,10,13,6,3,0,1,4,5,18,22,5,1,2,3,0,0
E0,18/11/05,Derby,Bradford,2,0,H,0,0,D,31614,Andy D'Urso,7,7,3,4,0,0,2,4,10,18,2,3,3,1,0,0
E0,18/11/05,Everton,Arsenal,2,0,H,0,0,D,33106,Mike Riley,4,4,2,2,0,1,3,5,20,12,2,4,3,1,0,0
E0,18/11/05,Leeds,West Ham,0,1,A,0,1,A,40005,Paul Taylor,15,4,6,3,0,0,2,2,14,19,0,4,1,1,0,0
E0,18/11/05,Man City,Man United,0,1,A,0,1,A,34429,Steve Dunn,10,8,4,4,0,0,10,11,13,8,2,6,3,1,0,0
E0,18/11/05,Middlesbrough,Leicester,0,3,A,0,2,A,27965,Alan Wiley,11,9,4,7,1,0,6,2,8,12,3,4,3,1,0,0
E0,18/11/05,Newcastle,Sunderland,1,2,A,1,0,H,52030,Graham Poll,19,9,9,6,2,0,1,4,17,26,10,4,1,3,0,0
E0,18/11/05,Southampton,Aston Villa,2,0,H,2,0,H,14979,Peter Jones,7,9,3,3,0,0,3,3,10,10,3,2,0,0,0,0
E0,19/11/05,Tottenham,Liverpool,2,1,H,2,1,H,36036,Mark Halsey,6,9,4,4,1,0,6,5,11,13,3,3,1,2,0,0
E0,20/11/05,Coventry,Ipswich,0,1,A,0,0,D,19322,David Ellaray,12,10,5,4,1,0,5,5,10,12,6,4,1,1,0,0
E0,25/11/05,Charlton,Sunderland,0,1,A,0,0,D,20043,Steve Dunn,10,8,2,3,0,1,7,8,16,16,7,4,0,1,0,0
E0,25/11/05,Coventry,Aston Villa,1,1,D,0,1,A,21464,Jeff Winter,10,7,2,4,0,0,6,1,9,19,2,5,1,2,0,0
E0,25/11/05,Derby,Man United,0,3,A,0,0,D,32910,David Ellaray,1,12,0,7,0,0,3,9,12,12,3,4,2,1,0,0
E0,25/11/05,Everton,Chelsea,2,1,H,0,1,A,33515,Rob Styles,11,10,5,6,1,1,1,4,11,18,2,1,0,3,0,1
E0,25/11/05,Man City,Ipswich,2,3,A,0,2,A,33741,Mike Dean,9,11,4,4,0,2,6,5,8,5,7,2,0,2,0,0
E0,25/11/05,Middlesbrough,Bradford,2,2,D,0,2,A,28526,Paul Taylor,14,9,9,5,2,0,6,4,17,18,7,3,0,2,1,0
E0,25/11/05,Southampton,West Ham,2,3,A,1,2,A,15232,Steve Bennett,10,14,5,8,0,0,6,10,12,10,2,2,1,2,0,0
E0,25/11/05,Tottenham,Leicester,3,0,H,2,0,H,35636,Rob Harris,15,11,7,5,0,1,5,8,21,15,1,4,1,3,0,1
E0,26/11/05,Leeds,Arsenal,1,0,H,0,0,D,38084,Dermot Gallagher,12,9,6,3,1,1,8,4,19,22,3,3,1,7,0,0
E0,26/11/05,Newcastle,Liverpool,2,1,H,1,0,H,51949,Barry Knight,9,13,6,9,1,1,5,11,17,15,10,10,3,2,0,0
E0,02/12/05,Arsenal,Southampton,1,0,H,0,0,D,38036,Steve Dunn,24,7,12,5,3,1,16,8,14,15,3,6,0,2,0,0
E0,02/12/05,Aston Villa,Newcastle,1,1,D,1,0,H,34255,David Ellaray,8,9,4,5,0,1,8,2,11,12,2,5,2,1,0,0
E0,02/12/05,Bradford,Coventry,2,1,H,0,0,D,15523,Mike Dean,10,13,6,7,0,0,9,8,11,12,10,7,3,2,0,0
E0,02/12/05,Ipswich,Derby,0,1,A,0,1,A,22003,Mark Halsey,11,3,5,3,0,0,6,1,13,13,1,0,1,1,0,0
E0,02/12/05,Leicester,Leeds,3,1,H,3,0,H,21486,Steve Bennett,8,12,5,4,0,1,0,6,10,7,2,2,1,2,0,1
E0,02/12/05,Liverpool,Charlton,3,0,H,1,0,H,43515,Rob Styles,13,7,3,2,0,0,6,5,10,9,2,2,1,1,0,0
E0,02/12/05,Man United,Tottenham,2,0,H,1,0,H,67583,Graham Poll,16,5,8,3,0,0,7,5,7,8,6,5,2,1,0,0
E0,02/12/05,West Ham,Middlesbrough,1,0,H,1,0,H,25459,Roy Burton,14,5,6,3,0,0,7,5,17,19,9,3,1,4,0,1
E0,03/12/05,Chelsea,Man City,2,1,H,2,0,H,34971,Dermot Gallagher,9,11,7,5,1,0,7,10,9,12,6,3,2,0,0,0
E0,04/12/05,Sunderland,Everton,2,0,H,1,0,H,46372,Peter Jones,24,7,11,2,3,0,8,4,16,23,3,3,0,3,0,0
E0,09/12/05,Arsenal,Newcastle,5,0,H,2,0,H,38052,Mike Dean,15,3,10,1,0,0,5,2,10,11,6,3,0,3,0,0
E0,09/12/05,Bradford,Tottenham,3,3,D,1,2,A,17225,Neale Barry,13,6,6,4,1,0,7,2,6,16,7,17,2,0,0,0
E0,09/12/05,Charlton,Man United,3,3,D,1,2,A,20043,Steve Lodge,15,15,8,8,1,2,9,6,6,10,6,0,0,1,0,0
E0,09/12/05,Chelsea,Derby,4,1,H,3,0,H,34317,Paul Taylor,19,5,10,3,0,0,3,6,8,14,1,0,0,0,0,0
E0,09/12/05,Man City,Everton,5,0,H,3,0,H,34516,Steve Bennett,13,14,9,4,0,0,5,13,12,12,5,3,0,1,0,0
E0,09/12/05,Southampton,Leeds,1,0,H,1,0,H,15225,Paul Durkin,12,13,3,5,0,0,2,10,13,15,1,0,3,4,1,0
E0,09/12/05,Sunderland,Middlesbrough,1,0,H,0,0,D,47742,Graham Poll,8,8,5,5,0,0,5,3,22,21,2,2,1,3,0,0
E0,09/12/05,West Ham,Aston Villa,1,1,D,1,1,D,25888,Mike Riley,13,15,5,4,1,1,4,4,14,15,0,0,1,3,0,0
E0,10/12/05,Coventry,Leicester,1,0,H,1,0,H,17283,Steve Dunn,12,6,5,1,1,0,8,10,11,15,1,3,0,1,0,0
E0,10/12/05,Liverpool,Ipswich,0,1,A,0,1,A,43509,Alan Wiley,14,11,5,6,2,0,8,5,12,14,3,3,1,3,0,0
E0,16/12/05,Aston Villa,Man City,2,2,D,0,0,D,29281,Andy D'Urso,10,9,5,4,1,0,5,4,8,16,4,3,2,1,1,0
E0,16/12/05,Derby,Coventry,1,0,H,1,0,H,27869,Matt Messias,4,14,3,5,0,0,3,5,17,10,3,4,1,3,0,0
E0,16/12/05,Everton,West Ham,1,1,D,0,0,D,31246,Clive Wilkes,15,9,5,4,0,0,9,7,10,7,1,2,1,2,0,0
E0,16/12/05,Ipswich,Southampton,3,1,H,0,1,A,22228,Barry Knight,15,13,7,4,0,1,6,1,11,12,2,1,1,2,0,0
E0,16/12/05,Leeds,Sunderland,2,0,H,1,0,H,40053,Rob Styles,17,17,8,6,1,1,8,5,16,20,9,3,3,4,0,0
E0,16/12/05,Leicester,Charlton,3,1,H,1,1,D,19371,Alan Wiley,9,12,5,8,0,0,5,5,11,16,2,2,1,2,0,0
E0,16/12/05,Middlesbrough,Chelsea,1,0,H,0,0,D,29422,Peter Jones,7,9,4,3,0,0,3,5,14,16,2,2,0,2,0,0
E0,16/12/05,Newcastle,Bradford,2,1,H,1,0,H,50470,Steve Dunn,17,7,6,3,1,0,4,3,16,17,11,7,0,2,0,0
E0,17/12/05,Man United,Liverpool,0,1,A,0,1,A,67533,Mike Riley,6,9,4,4,0,1,9,2,10,11,2,4,1,0,1,0
E0,18/12/05,Tottenham,Arsenal,1,1,D,1,0,H,36062,Jeff Winter,8,17,4,10,0,0,3,7,20,14,1,2,2,1,0,0
E0,22/12/05,Coventry,Southampton,1,1,D,1,0,H,18090,Alan Wiley,12,10,5,2,1,0,8,6,12,13,3,3,1,1,0,0
E0,23/12/05,Charlton,Everton,1,0,H,1,0,H,20042,Graham Barber,10,10,7,4,0,1,13,6,15,21,6,4,1,4,0,0
E0,23/12/05,Chelsea,Bradford,3,0,H,1,0,H,33377,Barry Knight,17,7,8,1,1,0,5,4,8,12,8,7,0,1,0,0
E0,23/12/05,Derby,Newcastle,2,0,H,1,0,H,29978,Rob Harris,8,8,5,4,0,0,2,3,17,16,6,5,1,2,0,0
E0,23/12/05,Leeds,Aston Villa,1,2,A,0,1,A,39714,Mark Halsey,15,8,5,5,0,0,10,2,18,18,3,1,1,4,0,0
E0,23/12/05,Leicester,West Ham,2,1,H,1,1,D,21524,Graham Poll,11,11,6,4,0,0,6,5,7,5,0,2,1,0,0,0
E0,23/12/05,Liverpool,Arsenal,4,0,H,1,0,H,44144,Paul Durkin,12,12,6,6,0,0,6,3,18,14,3,1,2,0,0,0
E0,23/12/05,Man United,Ipswich,2,0,H,2,0,H,67597,Steve Bennett,20,5,4,3,1,0,11,3,7,8,2,4,0,1,0,0
E0,23/12/05,Sunderland,Man City,1,0,H,1,0,H,47475,David Ellaray,9,9,5,3,0,1,8,6,14,18,12,11,2,2,0,0
E0,23/12/05,Tottenham,Middlesbrough,0,0,D,0,0,D,35638,Rob Styles,16,5,8,0,1,0,8,4,22,13,4,4,2,3,0,0
E0,26/12/05,Arsenal,Leicester,6,1,H,1,0,H,38007,Dermot Gallagher,27,2,15,2,1,0,14,0,14,11,8,2,0,0,0,0
E0,26/12/05,Aston Villa,Man United,0,1,A,0,0,D,40889,Graham Poll,6,14,3,3,0,0,2,4,15,16,4,1,1,2,0,0
E0,26/12/05,Bradford,Sunderland,1,4,A,0,1,A,20370,Paul Durkin,11,16,3,11,0,0,9,8,17,17,8,6,2,0,0,0
E0,26/12/05,Everton,Coventry,1,2,A,0,0,D,35704,Neale Barry,17,10,9,5,0,0,5,2,14,16,1,5,2,1,0,0
E0,26/12/05,Ipswich,Chelsea,2,2,D,1,2,A,22237,Jeff Winter,19,7,13,4,0,0,8,2,5,9,3,3,0,4,0,0
E0,26/12/05,Man City,Derby,0,0,D,0,0,D,34321,Mike Riley,15,14,7,3,1,2,7,7,15,14,1,7,2,2,0,0
E0,26/12/05,Middlesbrough,Liverpool,1,0,H,1,0,H,34696,Steve Lodge,7,11,2,5,0,0,2,6,7,9,5,3,2,2,0,0
E0,26/12/05,Newcastle,Leeds,2,1,H,2,1,H,52118,Andy D'Urso,13,8,4,5,2,1,7,2,23,17,3,4,4,2,0,0
E0,26/12/05,West Ham,Charlton,5,0,H,3,0,H,26046,Steve Dunn,17,12,10,8,1,0,5,8,19,11,3,1,1,0,0,0
E0,27/12/05,Southampton,Tottenham,2,0,H,2,0,H,15237,David Ellaray,17,7,6,2,1,0,4,4,17,13,1,4,1,3,0,0
E0,30/12/05,Arsenal,Sunderland,2,2,D,2,0,H,38026,Graham Barber,17,14,9,7,0,1,11,1,14,18,3,1,0,3,0,0
E0,30/12/05,Ipswich,Tottenham,3,0,H,1,0,H,22234,Matt Messias,18,6,9,3,1,0,10,5,13,17,3,5,0,0,0,0
E0,30/12/05,Man City,Charlton,1,4,A,0,2,A,33280,Clive Wilkes,8,13,1,8,0,0,7,4,11,14,2,4,1,2,0,0
E0,30/12/05,Middlesbrough,Coventry,1,1,D,0,1,A,30499,Dermot Gallagher,14,9,6,3,0,0,4,3,9,16,0,4,1,3,0,0
E0,30/12/05,Newcastle,Man United,1,1,D,0,1,A,52134,Mike Riley,14,8,4,6,0,0,6,3,13,10,6,4,2,3,0,0
E0,30/12/05,Southampton,Derby,1,0,H,0,0,D,15075,Andy D'Urso,10,9,5,5,0,0,7,6,17,10,3,3,0,2,0,0
E0,01/01/06,Charlton,Arsenal,1,0,H,1,0,H,20043,Graham Poll,9,10,4,5,0,0,6,12,15,12,5,2,1,1,0,0
E0,01/01/06,Chelsea,Aston Villa,1,0,H,1,0,H,33159,Paul Durkin,13,7,5,3,1,0,2,5,15,19,1,1,0,1,0,0
E0,01/01/06,Coventry,Man City,1,1,D,0,0,D,21999,Barry Knight,19,10,9,5,0,0,12,8,16,15,4,6,1,2,0,0
E0,01/01/06,Derby,Everton,1,0,H,1,0,H,27358,Alan Wiley,7,9,3,6,0,1,5,11,9,18,1,1,2,3,0,0
E0,01/01/06,Leeds,Middlesbrough,1,1,D,0,1,A,39251,David Ellaray,16,5,5,3,0,0,5,1,14,15,4,0,2,3,0,0
E0,01/01/06,Leicester,Bradford,1,2,A,1,2,A,19278,Steve Lodge,9,8,3,4,0,0,5,3,11,14,4,5,0,3,0,0
E0,01/01/06,Liverpool,Southampton,2,1,H,1,1,D,38474,Dermot Gallagher,16,7,8,3,0,0,15,2,8,5,1,0,0,1,0,0
E0,01/01/06,Man United,West Ham,3,1,H,2,0,H,67603,Peter Jones,25,9,12,5,1,0,8,2,17,13,1,5,1,2,0,0
E0,01/01/06,Sunderland,Ipswich,4,1,H,1,1,D,46053,Neale Barry,16,9,9,3,0,0,4,3,15,10,5,4,1,5,0,0
E0,02/01/06,Tottenham,Newcastle,4,2,H,3,1,H,34324,Steve Bennett,16,9,10,4,0,0,9,6,11,10,8,1,0,2,1,2
E0,13/01/06,Arsenal,Chelsea,1,1,D,1,0,H,38071,David Ellaray,15,12,8,8,0,0,10,3,13,15,4,4,1,4,0,0
E0,13/01/06,Aston Villa,Liverpool,0,3,A,0,2,A,41366,Graham Barber,5,12,1,6,0,1,1,4,7,10,3,4,2,0,0,0
E0,13/01/06,Bradford,Man United,0,3,A,0,0,D,20551,Alan Wiley,9,20,3,11,0,0,1,9,11,11,8,7,1,0,0,0
E0,13/01/06,Everton,Tottenham,0,0,D,0,0,D,32290,Andy D'Urso,17,4,8,1,0,0,9,0,11,15,2,2,1,0,0,0
E0,13/01/06,Man City,Leeds,0,4,A,0,1,A,34288,Mike Dean,5,10,3,6,0,0,4,5,23,17,4,6,5,3,0,0
E0,13/01/06,Middlesbrough,Derby,4,0,H,1,0,H,29041,Rob Styles,13,6,8,3,1,0,4,5,8,14,3,4,0,4,0,0
E0,13/01/06,Newcastle,Coventry,3,1,H,1,0,H,50159,Jeff Winter,11,12,6,5,0,0,2,7,6,9,7,11,0,3,0,0
E0,13/01/06,Southampton,Charlton,0,0,D,0,0,D,15220,Steve Lodge,17,10,6,4,1,0,9,3,8,12,1,2,0,0,0,0
E0,13/01/06,West Ham,Sunderland,0,2,A,0,1,A,26014,Matt Messias,13,7,6,5,1,0,9,6,20,21,9,2,4,2,0,0
E0,14/01/06,Ipswich,Leicester,2,0,H,0,0,D,22002,Mike Riley,22,6,9,3,1,0,8,1,14,10,0,4,1,1,0,0
E0,20/01/06,Chelsea,Ipswich,4,1,H,1,1,D,34948,Andy D'Urso,23,5,10,2,1,0,11,1,11,12,8,3,3,0,0,1
E0,20/01/06,Coventry,Everton,1,3,A,0,3,A,19174,Paul Durkin,9,8,5,4,0,0,15,3,9,22,1,10,0,1,0,0
E0,20/01/06,Derby,Man City,1,1,D,0,0,D,31174,Jeff Winter,9,10,3,4,0,0,5,4,17,22,4,5,2,2,0,0
E0,20/01/06,Leeds,Newcastle,1,3,A,1,2,A,40005,Alan Wiley,12,11,5,7,0,0,16,1,12,18,2,4,2,1,0,0
E0,20/01/06,Leicester,Arsenal,0,0,D,0,0,D,21872,Barry Knight,3,13,0,4,0,1,1,9,6,8,2,5,2,2,1,0
E0,20/01/06,Liverpool,Middlesbrough,0,0,D,0,0,D,43042,Steve Dunn,22,4,7,2,0,0,7,3,9,10,3,3,1,1,0,0
E0,20/01/06,Man United,Aston Villa,2,0,H,0,0,D,67533,Mike Riley,12,5,7,3,0,0,7,3,10,19,3,7,1,2,0,0
E0,20/01/06,Tottenham,Southampton,0,0,D,0,0,D,36095,Clive Wilkes,9,9,4,6,1,0,6,0,10,15,1,2,0,1,0,0
E0,21/01/06,Sunderland,Bradford,0,0,D,0,0,D,47812,Mark Halsey,14,7,6,3,0,1,8,7,10,13,0,7,0,1,0,0
E0,22/01/06,Charlton,West Ham,1,1,D,1,0,H,20043,Dermot Gallagher,9,18,3,3,0,0,0,5,11,8,2,2,0,1,0,0
E0,24/01/06,Aston Villa,Leeds,1,2,A,1,1,D,29335,Steve Bennett,12,7,4,3,3,0,5,3,11,10,1,1,2,0,0,0
E0,30/01/06,Arsenal,Bradford,2,0,H,2,0,H,37318,Clive Wilkes,20,6,8,2,2,0,6,3,12,14,3,1,1,2,0,0
E0,30/01/06,Charlton,Derby,2,1,H,1,1,D,20043,Mike Dean,13,6,9,3,1,0,9,3,13,14,0,4,2,1,0,0
E0,31/01/06,Chelsea,Newcastle,3,1,H,1,1,D,35108,Mark Halsey,14,4,4,2,0,0,7,2,12,19,1,4,1,3,0,0
E0,31/01/06,Everton,Middlesbrough,2,2,D,0,1,A,34244,Graham Barber,17,6,8,3,0,0,9,1,17,12,1,3,1,5,0,0
E0,31/01/06,Leeds,Coventry,1,0,H,0,0,D,36559,Rob Harris,11,3,6,1,1,0,9,2,18,19,4,1,4,5,0,0
E0,31/01/06,Man City,Liverpool,1,1,D,0,1,A,34629,Peter Jones,4,16,2,3,0,0,5,11,17,13,3,2,1,1,0,0
E0,31/01/06,Southampton,Leicester,1,0,H,0,0,D,14909,Steve Bennett,10,6,5,3,0,0,3,3,14,12,1,1,0,3,0,0
E0,31/01/06,Sunderland,Man United,0,1,A,0,0,D,48260,Graham Poll,9,13,2,7,0,0,3,2,15,13,5,11,2,0,2,1
E0,31/01/06,West Ham,Tottenham,0,0,D,0,0,D,26048,Neale Barry,17,14,6,6,1,0,9,4,9,16,4,2,1,1,0,0
E0,03/02/06,Bradford,Aston Villa,0,3,A,0,0,D,19591,Dermot Gallagher,9,13,2,6,0,0,3,4,14,14,3,10,2,0,0,0
E0,03/02/06,Coventry,Arsenal,0,1,A,0,0,D,22035,Mike Dean,12,8,4,6,0,0,3,7,13,14,2,5,3,4,0,0
E0,03/02/06,Derby,Sunderland,1,0,H,1,0,H,29129,Barry Knight,9,17,3,5,1,1,3,4,16,18,14,1,7,3,0,0
E0,03/02/06,Ipswich,Leeds,1,2,A,0,2,A,22015,Peter Jones,11,10,6,3,0,0,3,4,10,15,0,7,1,2,1,0
E0,03/02/06,Leicester,Chelsea,2,1,H,1,0,H,21502,Steve Dunn,10,8,5,4,0,0,2,7,7,13,3,1,0,1,0,0
E0,03/02/06,Liverpool,West Ham,3,0,H,2,0,H,44045,Steve Bennett,14,8,10,3,0,0,5,3,9,6,0,0,0,1,0,1
E0,03/02/06,Man United,Everton,1,0,H,0,0,D,67528,Jeff Winter,8,5,1,1,0,0,2,5,8,11,3,4,0,2,0,0
E0,03/02/06,Middlesbrough,Man City,1,1,D,0,1,A,31794,Alan Wiley,14,6,6,3,0,0,4,2,12,14,4,6,0,2,1,0
E0,03/02/06,Tottenham,Charlton,0,0,D,0,0,D,35368,David Ellaray,9,7,3,2,0,0,2,3,17,14,2,1,2,0,0,0
E0,07/02/06,Everton,Leeds,2,2,D,1,0,H,34224,Neale Barry,7,9,4,5,0,1,4,7,18,18,3,3,2,1,0,0
E0,10/02/06,Arsenal,Ipswich,1,0,H,0,0,D,38011,Rob Harris,17,5,10,3,0,0,11,3,16,15,4,3,2,1,0,0
E0,10/02/06,Aston Villa,Middlesbrough,1,1,D,1,0,H,28912,Clive Wilkes,15,6,4,3,0,0,7,4,11,11,0,3,1,1,0,0
E0,10/02/06,Chelsea,Man United,1,1,D,1,0,H,34960,David Ellaray,8,16,4,6,0,0,3,8,16,12,3,0,0,2,0,0
E0,10/02/06,Everton,Leicester,2,1,H,2,0,H,30409,Rob Styles,9,9,6,2,0,0,7,2,12,7,3,2,3,2,0,0
E0,10/02/06,Leeds,Derby,0,0,D,0,0,D,38789,Jeff Winter,12,3,6,2,0,0,17,4,11,17,4,2,2,5,0,0
E0,10/02/06,Man City,Tottenham,0,1,A,0,0,D,34399,Steve Dunn,11,11,4,4,1,0,7,3,17,10,2,6,1,0,0,0
E0,10/02/06,Southampton,Bradford,2,0,H,0,0,D,14651,Graham Poll,12,4,6,1,0,0,8,0,9,16,9,4,0,1,0,0
E0,10/02/06,Sunderland,Liverpool,1,1,D,0,0,D,47553,Graham Barber,9,8,6,4,0,0,9,6,15,25,4,6,5,3,0,0
E0,11/02/06,Charlton,Newcastle,2,0,H,2,0,H,20043,Paul Durkin,11,5,4,3,1,0,4,11,10,12,0,2,2,1,0,0
E0,12/02/06,West Ham,Coventry,1,1,D,0,0,D,22586,Dermot Gallagher,21,13,9,4,1,0,5,4,13,16,3,4,2,5,0,0
E0,24/02/06,Bradford,West Ham,1,2,A,0,1,A,20469,Steve Lodge,15,11,5,5,0,0,7,1,9,10,4,6,1,2,0,0
E0,24/02/06,Coventry,Charlton,2,2,D,1,1,D,19480,Mark Halsey,17,15,7,7,0,1,3,7,15,11,0,7,0,0,0,0
E0,24/02/06,Derby,Aston Villa,1,0,H,1,0,H,27289,Alan Wiley,9,19,5,7,0,1,1,9,9,10,3,2,1,1,0,0
E0,24/02/06,Ipswich,Everton,2,0,H,0,0,D,22220,Graham Poll,12,8,6,2,0,0,3,2,11,14,1,5,1,2,0,1
E0,24/02/06,Leicester,Sunderland,2,0,H,1,0,H,21086,Andy D'Urso,11,9,7,3,0,0,6,5,13,16,9,1,0,4,0,1
E0,24/02/06,Middlesbrough,Southampton,0,1,A,0,0,D,28725,Neale Barry,11,10,6,5,1,0,3,6,9,9,4,6,1,0,0,0
E0,24/02/06,Newcastle,Man City,0,1,A,0,0,D,51981,Rob Harris,10,11,3,3,0,0,5,5,18,11,4,2,1,0,0,0
E0,24/02/06,Tottenham,Leeds,1,2,A,1,1,D,36070,Jeff Winter,13,15,4,9,1,0,5,12,16,14,4,3,2,1,0,0
E0,25/02/06,Man United,Arsenal,6,1,H,5,1,H,67535,Paul Durkin,16,6,9,2,1,0,3,3,10,6,5,8,0,0,0,0
E0,03/03/06,Arsenal,West Ham,3,0,H,3,0,H,38076,Mike Riley,16,4,6,2,0,0,5,6,19,12,5,6,2,3,0,0
E0,03/03/06,Coventry,Chelsea,0,0,D,0,0,D,21609,Steve Bennett,17,24,10,11,0,1,5,8,13,15,4,1,2,2,0,0
E0,03/03/06,Derby,Tottenham,2,1,H,2,0,H,29410,Rob Harris,8,13,4,7,0,0,6,7,20,12,2,1,2,3,0,0
E0,03/03/06,Everton,Newcastle,1,1,D,0,0,D,35779,David Ellaray,16,4,6,2,0,0,4,1,13,12,5,3,1,2,0,0
E0,03/03/06,Leeds,Man United,1,1,D,0,0,D,40055,Graham Barber,18,5,10,5,0,0,14,3,25,21,13,1,3,5,0,0
E0,03/03/06,Leicester,Liverpool,2,0,H,0,0,D,21924,Dermot Gallagher,9,8,7,3,0,0,4,7,9,7,3,1,1,1,0,0
E0,03/03/06,Man City,Southampton,0,1,A,0,0,D,33990,Jeff Winter,15,6,7,1,0,0,5,6,15,15,1,6,1,1,0,0
E0,03/03/06,Middlesbrough,Charlton,0,0,D,0,0,D,28177,Mike Dean,8,11,2,8,0,0,4,5,13,12,1,1,1,1,0,0
E0,04/03/06,Ipswich,Bradford,3,1,H,0,1,A,21820,Andy D'Urso,21,7,8,5,0,0,7,2,13,14,3,5,0,4,0,0
E0,05/03/06,Sunderland,Aston Villa,1,1,D,0,0,D,47196,Steve Lodge,18,6,12,2,1,0,5,3,17,18,3,8,1,2,0,0
E0,07/03/06,West Ham,Chelsea,0,2,A,0,2,A,26016,Alan Wiley,7,17,2,6,1,0,1,0,12,9,3,0,2,2,0,0
E0,10/03/06,Aston Villa,Ipswich,2,1,H,0,1,A,28216,Rob Styles,9,8,5,3,2,0,6,2,15,11,3,1,1,1,0,0
E0,17/03/06,Bradford,Man City,2,2,D,0,1,A,19117,Steve Dunn,16,10,7,3,0,0,3,3,13,12,2,7,2,1,0,0
E0,17/03/06,Charlton,Leeds,1,2,A,1,1,D,20043,Clive Wilkes,7,7,3,5,0,0,2,5,19,13,1,1,3,5,0,0
E0,17/03/06,Chelsea,Sunderland,2,4,A,2,1,H,34981,Paul Durkin,14,11,6,7,1,1,4,5,15,26,11,4,0,0,0,0
E0,17/03/06,Man United,Leicester,2,0,H,0,0,D,67516,Alan Wiley,19,5,8,2,1,0,14,2,11,13,6,5,1,1,0,0
E0,17/03/06,Newcastle,Middlesbrough,1,2,A,0,2,A,51751,Graham Barber,16,7,5,4,1,0,5,1,14,19,6,4,0,3,0,1
E0,17/03/06,Southampton,Everton,1,0,H,0,0,D,15251,Mark Halsey,17,5,5,1,0,0,6,6,13,18,2,0,1,1,0,0
E0,17/03/06,Tottenham,Coventry,3,0,H,2,0,H,35606,Graham Poll,12,11,4,5,1,0,5,8,13,10,6,3,0,1,0,0
E0,17/03/06,West Ham,Ipswich,0,1,A,0,0,D,26046,Mike Dean,5,13,2,5,0,0,4,5,14,8,5,2,0,0,0,0
E0,18/03/06,Aston Villa,Arsenal,0,0,D,0,0,D,36111,Barry Knight,4,14,2,5,0,0,3,3,16,13,7,7,2,2,0,1
E0,18/03/06,Liverpool,Derby,1,1,D,0,1,A,43362,Neale Barry,18,7,8,4,0,0,9,3,11,9,0,4,2,2,0,0
E0,31/03/06,Arsenal,Tottenham,2,0,H,0,0,D,38121,Paul Durkin,25,4,19,3,1,0,12,2,5,6,5,4,0,1,0,0
E0,31/03/06,Bradford,Newcastle,2,2,D,2,1,H,20160,Paul Taylor,22,14,8,7,0,0,10,8,17,23,2,8,0,1,0,0
E0,31/03/06,Chelsea,Middlesbrough,2,1,H,1,0,H,34933,Peter Jones,17,7,5,3,0,0,4,3,19,10,5,4,2,1,0,0
E0,31/03/06,Coventry,Derby,2,0,H,1,0,H,19654,David Ellaray,12,14,7,8,0,0,9,4,12,16,4,4,0,1,1,0
E0,31/03/06,Liverpool,Man United,2,0,H,2,0,H,44806,Graham Poll,15,9,6,3,0,0,6,4,8,8,4,2,1,1,1,0
E0,31/03/06,Man City,Aston Villa,1,3,A,1,2,A,34243,Rob Styles,12,8,6,7,1,0,9,2,18,13,2,6,6,4,1,0
E0,31/03/06,Sunderland,Leeds,0,2,A,0,1,A,48285,Steve Dunn,14,7,8,4,0,0,8,4,17,10,2,12,2,2,0,1
E0,31/03/06,West Ham,Everton,0,2,A,0,1,A,26044,Andy D'Urso,17,10,6,7,0,1,8,2,16,16,4,3,3,2,1,0
E0,01/04/06,Charlton,Leicester,2,0,H,1,0,H,20043,Jeff Winter,16,5,9,1,2,0,6,2,12,9,3,2,2,2,0,0
E0,02/04/06,Southampton,Ipswich,0,3,A,0,1,A,15244,Alan Wiley,11,11,3,5,1,1,6,7,17,15,5,4,2,1,0,0
E0,04/04/06,Aston Villa,Leicester,2,1,H,1,1,D,29043,Mike Dean,9,6,5,2,0,0,10,3,11,12,2,0,2,2,0,0
E0,07/04/06,Aston Villa,West Ham,2,2,D,0,0,D,31432,Rob Harris,6,7,4,5,0,1,5,3,5,3,0,5,1,3,0,0
E0,07/04/06,Derby,Chelsea,0,4,A,0,0,D,29320,Steve Lodge,3,10,2,7,1,1,1,9,13,7,4,1,1,1,0,0
E0,07/04/06,Leeds,Southampton,2,0,H,1,0,H,39267,Jeff Winter,15,6,7,2,0,0,10,1,10,11,5,1,0,0,0,0
E0,07/04/06,Leicester,Coventry,1,3,A,1,2,A,19545,Graham Barber,9,15,4,5,0,0,4,9,9,19,2,1,3,2,0,0
E0,08/04/06,Everton,Man City,3,1,H,2,1,H,36561,David Ellaray,11,13,7,5,0,0,8,8,17,18,7,1,0,3,1,1
E0,09/04/06,Middlesbrough,Sunderland,0,0,D,0,0,D,31284,Andy D'Urso ,12,12,6,4,0,2,3,2,22,22,5,7,5,3,1,0
E0,10/04/06,Ipswich,Liverpool,1,1,D,0,0,D,23504,Steve Dunn,8,7,5,2,0,0,6,1,10,15,4,2,0,0,0,0
E0,10/04/06,Man United,Charlton,2,1,H,1,0,H,67505,Mark Halsey ,23,3,8,2,4,1,12,4,8,9,0,5,1,1,0,0
E0,10/04/06,Tottenham,Bradford,2,1,H,1,1,D,28306,Steve Bennett ,17,10,13,5,0,1,5,7,13,9,4,4,1,1,0,0
E0,11/04/06,Man City,Arsenal,0,4,A,0,4,A,33444,Neale Barry,7,15,2,8,0,0,7,3,10,8,5,5,2,0,0,0
E0,13/04/06,Bradford,Charlton,2,0,H,0,0,D,17511,Peter Jones,4,3,8,8,2,0,3,7,13,21,3,5,1,3,0,0
E0,13/04/06,Liverpool,Leeds,1,2,A,0,2,A,44116,Alan Wiley,11,9,5,3,0,1,8,2,19,16,0,7,3,1,1,0
E0,14/04/06,Arsenal,Middlesbrough,0,3,A,0,2,A,37879,Paul Durkin,17,6,8,2,0,0,9,0,13,11,0,4,1,1,0,0
E0,14/04/06,Aston Villa,Everton,2,1,H,1,1,D,31272,Paul Taylor,8,5,5,3,1,0,5,3,13,14,0,3,0,3,0,0
E0,14/04/06,Chelsea,Southampton,1,0,H,1,0,H,35136,Clive Wilkes,14,9,8,5,1,1,7,6,11,19,2,6,3,3,0,0
E0,14/04/06,Ipswich,Newcastle,1,0,H,0,0,D,24028,Mike Dean,14,6,5,2,1,0,9,3,6,13,6,2,0,1,0,1
E0,14/04/06,Leicester,Man City,1,2,A,1,1,D,20224,Barry Knight,15,8,9,3,0,1,5,1,13,26,4,0,2,3,0,0
E0,14/04/06,Man United,Coventry,4,2,H,2,2,D,67637,Mike Riley,28,9,13,4,1,0,9,2,9,18,9,5,1,4,0,0
E0,14/04/06,Sunderland,Tottenham,2,3,A,2,0,H,48029,David Ellaray,13,8,4,6,0,0,3,3,12,15,5,6,1,2,0,0
E0,14/04/06,West Ham,Derby,3,1,H,3,0,H,25319,Rob Styles,18,6,10,3,0,0,3,5,10,18,3,1,0,2,0,0
E0,16/04/06,Coventry,Sunderland,1,0,H,1,0,H,20946,Dermot Gallagher,14,6,9,3,0,0,6,3,15,21,7,9,3,0,0,0
E0,16/04/06,Derby,Leicester,2,0,H,1,0,H,28387,Mark Halsey,10,7,6,4,0,0,5,6,17,16,0,2,0,0,0,0
E0,16/04/06,Everton,Liverpool,2,3,A,1,1,D,40260,Jeff Winter,10,10,7,6,0,1,2,5,19,15,2,1,4,2,1,0
E0,16/04/06,Middlesbrough,Ipswich,1,2,A,1,0,H,34294,Steve Bennett,4,12,1,5,0,0,5,4,8,8,5,2,0,0,0,0
E0,16/04/06,Newcastle,West Ham,2,1,H,1,0,H,51107,Paul Durkin,20,13,14,6,0,0,7,5,19,9,7,5,0,0,0,0
E0,17/04/06,Charlton,Aston Villa,3,3,D,2,0,H,20043,Graham Poll,12,11,5,8,0,2,5,7,10,15,2,0,3,4,1,0
E0,17/04/06,Tottenham,Chelsea,0,3,A,0,1,A,36074,Graham Barber,5,16,1,10,0,0,2,5,14,11,3,3,2,2,1,0
E0,21/04/06,Arsenal,Everton,4,1,H,1,1,D,38029,Dermot Gallagher,10,4,8,2,0,0,10,0,7,13,3,2,0,2,0,1
E0,21/04/06,Aston Villa,Southampton,0,0,D,0,0,D,29336,Jeff Winter,9,3,2,3,0,0,4,5,10,15,6,4,1,2,0,0
E0,21/04/06,Bradford,Derby,2,0,H,1,0,H,18564,Neale Barry,15,12,9,3,0,0,3,8,14,13,7,5,0,2,0,1
E0,21/04/06,Chelsea,Charlton,0,1,A,0,1,A,34983,Mike Dean,9,4,1,2,0,0,10,3,12,14,0,4,3,0,0,0
E0,21/04/06,Ipswich,Coventry,2,0,H,1,0,H,24612,Graham Barber,13,6,5,2,0,0,2,3,22,23,7,4,1,4,0,0
E0,21/04/06,Leicester,Middlesbrough,0,3,A,0,1,A,18162,Paul Taylor,15,15,4,7,1,0,12,5,13,11,3,0,3,1,0,0
E0,21/04/06,Man United,Man City,1,1,D,0,0,D,67535,David Ellaray,13,6,6,4,0,1,3,2,14,20,4,2,0,0,1,0
E0,21/04/06,Sunderland,Newcastle,1,1,D,0,0,D,48277,Mike Riley,16,9,10,5,1,0,4,8,17,22,0,6,5,4,0,0
E0,21/04/06,West Ham,Leeds,0,2,A,0,1,A,26041,Graham Poll,15,12,10,7,0,0,6,6,17,13,0,8,5,2,0,1
E0,22/04/06,Liverpool,Tottenham,3,1,H,1,1,D,43547,Barry Knight,14,7,8,5,1,0,6,4,10,13,5,0,1,1,0,0
E0,28/04/06,Coventry,Liverpool,0,2,A,0,0,D,23063,Steve Bennett,11,13,4,6,0,0,7,7,15,11,3,6,3,1,0,0
E0,28/04/06,Derby,Arsenal,1,2,A,1,1,D,29567,Graham Barber,6,14,2,9,0,0,4,6,14,13,1,3,3,4,0,0
E0,28/04/06,Everton,Bradford,2,1,H,0,1,A,34256,Paul Durkin,18,7,9,4,0,0,5,2,15,15,7,2,1,2,0,0
E0,28/04/06,Leeds,Chelsea,2,0,H,0,0,D,39253,Steve Dunn,16,7,9,5,0,1,7,2,22,17,3,0,2,5,0,0
E0,28/04/06,Man City,West Ham,1,0,H,1,0,H,33737,Peter Jones,16,12,9,7,0,1,10,10,19,12,2,7,3,5,0,0
E0,28/04/06,Middlesbrough,Man United,0,2,A,0,1,A,34417,Steve Lodge,18,9,3,5,1,0,4,6,13,21,7,3,2,3,0,0
E0,28/04/06,Newcastle,Leicester,1,0,H,0,0,D,50501,Graham Poll,20,4,6,3,1,0,12,0,15,14,2,7,1,1,0,0
E0,28/04/06,Southampton,Sunderland,0,1,A,0,0,D,15249,Alan Wiley,11,6,5,3,0,0,11,2,15,14,7,4,2,1,0,0
E0,28/04/06,Tottenham,Aston Villa,0,0,D,0,0,D,36096,Clive Wilkes,7,7,3,4,0,0,5,6,13,13,4,2,1,0,0,0
E0,30/04/06,Charlton,Ipswich,2,1,H,1,1,D,20043,Rob Styles,10,17,7,6,0,2,2,13,17,11,2,0,0,1,0,0
E0,01/05/06,Bradford,Liverpool,0,2,A,0,0,D,22057,Jeff Winter,15,11,4,10,0,0,7,0,11,13,3,6,0,2,0,0
E0,01/05/06,Newcastle,Southampton,1,1,D,1,0,H,50439,Steve Lodge,7,11,5,3,0,0,4,2,15,17,0,1,2,1,0,0
E0,05/05/06,Arsenal,Leeds,2,1,H,1,0,H,38142,Peter Jones,7,4,4,3,0,1,11,2,21,18,4,2,4,3,0,0
E0,05/05/06,Aston Villa,Coventry,3,2,H,0,2,A,39761,Mike Riley,6,6,4,3,0,0,6,2,12,23,0,2,2,5,0,0
E0,05/05/06,Bradford,Middlesbrough,1,1,D,1,0,H,20921,Graham Barber,10,14,7,9,0,0,6,6,25,21,4,6,4,2,0,0
E0,05/05/06,Chelsea,Everton,2,1,H,2,1,H,35196,Rob Harris,13,9,5,3,0,0,8,6,19,22,1,4,1,1,0,0
E0,05/05/06,Leicester,Tottenham,4,2,H,1,0,H,21056,Mike Dean,19,9,9,4,1,0,6,2,11,14,1,3,3,2,0,0
E0,05/05/06,Liverpool,Newcastle,3,0,H,1,0,H,44363,Mark Halsey,12,6,5,3,0,0,2,3,11,10,2,1,0,2,0,0
E0,05/05/06,Man United,Derby,0,1,A,0,1,A,67526,Neale Barry,11,10,6,5,0,0,13,1,13,11,2,4,1,0,0,0
E0,05/05/06,Sunderland,Charlton,3,2,H,2,1,H,47671,Steve Dunn,17,17,11,7,0,1,8,5,17,7,0,7,1,0,0,0
E0,05/05/06,West Ham,Southampton,3,0,H,0,0,D,26041,Clive Wilkes,16,12,12,3,0,1,5,1,18,18,3,2,2,2,0,0
E0,07/05/06,Ipswich,Man City,2,1,H,0,0,D,25004,Steve Lodge,15,11,7,7,0,1,9,2,8,19,1,5,0,0,0,0
E0,08/05/06,Liverpool,Chelsea,2,2,D,1,1,D,45088,Dermot Gallagher,16,14,8,7,0,0,6,6,14,21,3,1,1,4,0,0
E0,13/05/06,Leeds,Bradford,6,1,H,5,1,H,38300,Andy D'Urso,18,13,9,7,0,0,9,7,20,13,4,0,1,0,0,0
E0,13/05/06,Southampton,Man United,2,1,H,2,0,H,15246,Jeff Winter,14,9,3,6,0,0,4,4,13,18,5,4,1,1,0,0
E0,15/05/06,Newcastle,Arsenal,0,0,D,0,0,D,50729,Alan Wiley,12,8,2,1,0,1,4,8,14,10,1,3,1,0,0,0
E0,19/05/06,Charlton,Liverpool,0,4,A,0,0,D,20043,Graham Barber,12,16,10,14,1,0,10,10,7,13,1,0,1,1,0,0
E0,19/05/06,Coventry,Bradford,0,0,D,0,0,D,20299,Alan Wiley,15,10,7,3,0,0,9,3,15,13,5,9,1,1,0,0
E0,19/05/06,Derby,Ipswich,1,1,D,1,0,H,33239,Graham Poll,7,13,2,6,0,0,3,11,14,15,5,3,1,1,0,0
E0,19/05/06,Everton,Sunderland,2,2,D,1,1,D,37444,Steve Bennett,18,11,8,4,2,0,5,6,12,13,6,2,5,3,0,1
E0,19/05/06,Leeds,Leicester,3,1,H,1,1,D,39905,David Ellaray,24,8,11,5,3,0,12,5,14,17,2,2,3,4,0,0
E0,19/05/06,Man City,Chelsea,1,2,A,1,1,D,34479,Mike Riley,3,9,1,3,0,0,8,7,22,18,2,2,4,2,0,0
E0,19/05/06,Middlesbrough,West Ham,2,1,H,2,1,H,33057,Paul Durkin,19,11,7,5,0,0,5,6,13,15,5,2,0,0,0,0
E0,19/05/06,Newcastle,Aston Villa,3,0,H,2,0,H,51306,Barry Knight,9,5,5,1,0,0,5,1,10,14,2,4,0,5,1,1
E0,19/05/06,Southampton,Arsenal,3,2,H,0,1,A,15252,Paul Taylor,11,8,7,5,0,1,7,5,17,10,3,2,1,2,0,0
E0,19/05/06,Tottenham,Man United,3,1,H,1,1,D,36072,Andy D'Urso,9,15,3,6,0,0,3,6,13,15,3,2,0,2,0,0
