Div,Date,HomeTeam,AwayTeam,FTHG,FTAG,FTR,HTHG,HTAG,HTR,Referee,HS,AS,HST,AST,HF,AF,HC,AC,HY,AY,HR,AR
E0,16/08/08,Arsenal,Everton,2,1,H,1,0,H,M Halsey,11,13,5,7,8,15,6,9,1,3,1,1
E0,16/08/08,Birmingham,Tottenham,1,0,H,1,0,H,R Styles,10,15,5,7,20,27,1,4,3,5,0,0
E0,16/08/08,Blackburn,Wolves,5,1,H,2,0,H,J Winter,25,8,13,5,8,14,6,2,1,1,0,0
E0,16/08/08,Fulham,Middlesbrough,3,2,H,1,1,D,G Poll,17,8,9,5,18,16,7,6,1,1,0,0
E0,16/08/08,Leicester,Southampton,2,2,D,2,0,H,M Riley,12,13,7,10,27,15,2,7,3,1,0,0
E0,16/08/08,Man United,Bolton,4,0,H,1,0,H,P Durkin,13,15,6,5,12,8,8,4,0,4,0,0
E0,16/08/08,Portsmouth,Aston Villa,2,1,H,1,0,H,G Barber,4,9,3,5,18,22,7,9,2,1,0,1
E0,17/08/08,Charlton,Man City,0,3,A,0,2,A,M Dean,10,14,5,8,12,16,4,7,2,1,1,0
E0,17/08/08,Leeds,Newcastle,2,2,D,1,1,D,R Martin,8,19,3,10,19,16,4,8,4,2,0,0
E0,17/08/08,Liverpool,Chelsea,1,2,A,0,1,A,S Bennett,12,10,7,6,13,12,8,6,3,1,0,0
E0,23/08/08,Bolton,Blackburn,2,2,D,2,0,H,A D'Urso,16,10,10,5,11,15,9,2,2,4,0,1
E0,23/08/08,Chelsea,Leicester,2,1,H,2,1,H,R Styles,17,5,7,1,12,18,7,2,0,3,1,2
E0,23/08/08,Everton,Fulham,3,1,H,3,0,H,N Barry,10,23,8,15,15,14,4,10,2,4,0,0
E0,23/08/08,Man City,Portsmouth,1,1,D,0,1,A,M Messias,21,4,11,2,8,22,11,7,2,3,0,0
E0,23/08/08,Newcastle,Man United,1,2,A,1,0,H,U Rennie,7,11,5,8,18,14,2,4,2,2,0,0
E0,23/08/08,Southampton,Birmingham,0,0,D,0,0,D,Graham Barber,14,12,7,5,15,19,2,7,3,1,0,0
E0,23/08/08,Tottenham,Leeds,2,1,H,1,1,D,S Dunn,20,5,4,2,14,14,6,0,1,2,0,0
E0,23/08/08,Wolves,Charlton,0,4,A,0,4,A,P Dowd,10,8,4,6,11,7,5,2,2,1,0,1
E0,24/08/08,Aston Villa,Liverpool,0,0,D,0,0,D,P Durkin,14,15,9,9,16,7,8,9,0,1,0,0
E0,24/08/08,Middlesbrough,Arsenal,0,4,A,0,3,A,D Gallagher,10,14,4,10,11,7,3,5,1,0,0,0
E0,25/08/08,Blackburn,Man City,2,3,A,1,1,D,A Wiley,14,13,10,5,14,10,9,0,2,1,0,0
E0,26/08/08,Charlton,Everton,2,2,D,1,1,D,S Dunn,10,13,4,4,8,8,6,8,1,1,0,0
E0,26/08/08,Leeds,Southampton,0,0,D,0,0,D,P Durkin,15,14,6,8,10,11,6,10,2,3,0,0
E0,26/08/08,Leicester,Middlesbrough,0,0,D,0,0,D,G Barber,12,13,4,3,17,16,6,4,3,2,0,0
E0,26/08/08,Portsmouth,Bolton,4,0,H,0,0,D,D Gallagher,13,13,8,4,12,14,0,4,2,4,0,0
E0,27/08/08,Arsenal,Aston Villa,2,0,H,0,0,D,M Dean,14,6,6,3,16,16,2,6,3,4,0,0
E0,27/08/08,Liverpool,Tottenham,0,0,D,0,0,D,U Rennie,22,9,10,4,20,27,8,5,2,5,0,0
E0,27/08/08,Man United,Wolves,1,0,H,0,0,D,G Poll,14,12,5,2,6,12,10,2,2,2,0,0
E0,30/08/08,Aston Villa,Leicester,3,1,H,3,0,H,S Bennett,10,5,8,4,18,17,11,1,1,2,0,1
E0,30/08/08,Bolton,Charlton,0,0,D,0,0,D,A Wiley,13,7,9,1,18,16,12,3,4,2,0,0
E0,30/08/08,Chelsea,Blackburn,2,2,D,1,1,D,M Dean,12,7,5,4,11,19,3,4,0,4,0,0
E0,30/08/08,Everton,Liverpool,0,3,A,0,1,A,M Riley,11,18,5,11,22,17,9,5,3,3,0,0
E0,30/08/08,Middlesbrough,Leeds,2,3,A,0,1,A,N Barry,27,8,16,4,17,21,6,3,2,3,0,0
E0,30/08/08,Newcastle,Birmingham,0,1,A,0,0,D,M Messias,19,7,10,3,15,15,9,6,2,1,0,0
E0,30/08/08,Tottenham,Fulham,0,3,A,0,1,A,J Winter,18,9,6,5,15,13,9,4,0,2,0,0
E0,30/08/08,Wolves,Portsmouth,0,0,D,0,0,D,A D'Urso,11,9,2,2,15,16,4,6,3,5,0,0
E0,31/08/08,Man City,Arsenal,1,2,A,1,0,H,G Poll,11,10,7,5,12,11,5,5,4,3,0,0
E0,31/08/08,Southampton,Man United,1,0,H,0,0,D,M Halsey,12,10,5,9,8,10,9,5,1,0,0,0
E0,13/09/08,Arsenal,Portsmouth,1,1,D,1,1,D,A Wiley,12,8,7,2,11,19,7,1,2,3,0,0
E0,13/09/08,Blackburn,Liverpool,1,3,A,1,1,D,N Barry,8,21,5,14,13,11,5,10,2,2,1,0
E0,13/09/08,Bolton,Middlesbrough,2,0,H,1,0,H,P Dowd,13,7,8,6,17,14,10,1,3,3,0,0
E0,13/09/08,Charlton,Man United,0,2,A,0,0,D,M Riley,8,14,3,9,19,18,3,3,2,2,1,0
E0,13/09/08,Chelsea,Tottenham,4,2,H,2,1,H,G Poll,12,9,6,3,16,20,10,3,1,4,0,0
E0,13/09/08,Everton,Newcastle,2,2,D,0,0,D,R Styles,9,4,7,2,20,21,6,3,5,5,1,1
E0,13/09/08,Southampton,Wolves,2,0,H,1,0,H,U Rennie,15,10,10,3,16,20,7,3,3,5,0,0
E0,14/09/08,Birmingham,Fulham,2,2,D,1,1,D,S Dunn,15,8,9,6,16,21,8,1,1,4,1,1
E0,14/09/08,Man City,Aston Villa,4,1,H,0,1,A,M Halsey,17,8,9,4,11,11,4,3,0,1,0,0
E0,15/09/08,Leicester,Leeds,4,0,H,2,0,H,J Winter,19,14,11,2,10,10,9,5,0,2,0,0
E0,20/09/08,Aston Villa,Charlton,2,1,H,1,0,H,C Foy,15,8,6,3,13,13,10,2,3,2,0,0
E0,20/09/08,Fulham,Man City,2,2,D,0,0,D,P Dowd,13,7,9,6,14,19,2,4,2,5,0,0
E0,20/09/08,Leeds,Birmingham,0,2,A,0,0,D,D Gallagher,12,7,6,3,15,14,6,1,4,2,1,0
E0,20/09/08,Liverpool,Leicester,2,1,H,1,0,H,M Halsey,19,9,8,3,10,9,4,4,0,0,0,0
E0,20/09/08,Newcastle,Bolton,0,0,D,0,0,D,Graham Barber,14,8,7,6,15,12,7,5,1,1,0,0
E0,20/09/08,Portsmouth,Blackburn,1,2,A,0,2,A,P Durkin,9,12,6,10,17,18,7,6,2,3,0,0
E0,20/09/08,Tottenham,Southampton,1,3,A,0,2,A,A D'Urso,13,12,6,10,15,14,4,7,1,1,0,0
E0,20/09/08,Wolves,Chelsea,0,5,A,0,2,A,M Messias,8,14,4,8,15,15,1,3,2,3,0,0
E0,21/09/08,Man United,Arsenal,0,0,D,0,0,D,S Bennett,9,6,7,1,11,15,4,3,4,3,0,1
E0,21/09/08,Middlesbrough,Everton,1,0,H,1,0,H,A Wiley,9,9,4,5,12,14,4,6,2,3,0,0
E0,26/09/08,Arsenal,Newcastle,3,2,H,1,1,D,M Riley,11,5,7,4,13,17,3,4,0,1,0,0
E0,27/09/08,Birmingham,Portsmouth,2,0,H,1,0,H,S Bennett,7,10,5,5,10,16,4,4,1,3,0,0
E0,27/09/08,Bolton,Wolves,1,1,D,0,1,A,M Dean,22,8,14,4,16,4,12,3,2,0,0,0
E0,27/09/08,Chelsea,Aston Villa,1,0,H,1,0,H,J Winter,10,7,5,1,7,9,6,5,0,2,0,0
E0,27/09/08,Leicester,Man United,1,4,A,0,3,A,G Poll,10,11,4,9,7,11,7,3,0,0,0,0
E0,27/09/08,Southampton,Middlesbrough,0,1,A,0,1,A,B Knight,10,12,6,9,12,19,4,4,4,3,1,0
E0,28/09/08,Blackburn,Fulham,0,2,A,0,1,A,M Messias,6,7,0,2,14,11,5,5,2,4,0,0
E0,28/09/08,Charlton,Liverpool,3,2,H,2,1,H,R Styles,14,17,5,9,11,9,7,5,2,1,0,0
E0,28/09/08,Everton,Leeds,4,0,H,3,0,H,P Durkin,20,6,9,2,11,15,11,4,0,2,0,0
E0,28/09/08,Man City,Tottenham,0,0,D,0,0,D,N Barry,21,4,10,2,7,15,6,6,2,1,0,0
E0,04/10/08,Fulham,Leicester,2,0,H,1,0,H,C Foy,16,8,8,4,14,10,4,4,2,1,0,0
E0,04/10/08,Leeds,Blackburn,2,1,H,2,0,H,U Rennie,15,17,5,9,18,20,2,5,3,1,0,0
E0,04/10/08,Liverpool,Arsenal,1,2,A,1,1,D,G Barber,13,12,7,8,12,20,11,3,2,2,0,0
E0,04/10/08,Man United,Birmingham,3,0,H,1,0,H,M Dean,10,5,8,2,13,11,5,1,0,1,0,1
E0,04/10/08,Newcastle,Southampton,1,0,H,1,0,H,P Dowd,14,7,9,4,14,10,8,4,3,2,0,0
E0,04/10/08,Portsmouth,Charlton,1,2,A,1,0,H,G Poll,16,11,8,6,20,14,6,9,3,2,0,0
E0,04/10/08,Tottenham,Everton,3,0,H,1,0,H,D Gallagher,13,12,7,4,15,14,2,6,2,2,0,0
E0,04/10/08,Wolves,Man City,1,0,H,0,0,D,J Winter,8,9,4,5,13,7,3,10,3,2,0,0
E0,05/10/08,Aston Villa,Bolton,1,1,D,0,0,D,R Styles,14,15,8,5,14,16,9,5,1,5,0,0
E0,05/10/08,Middlesbrough,Chelsea,1,2,A,0,1,A,M Halsey,15,10,6,6,14,18,2,8,1,2,0,0
E0,14/10/08,Birmingham,Chelsea,0,0,D,0,0,D,N Barry,6,13,2,8,10,14,2,18,2,4,0,0
E0,18/10/08,Arsenal,Chelsea,2,1,H,1,1,D,P Durkin,13,7,9,3,11,13,6,3,1,2,0,0
E0,18/10/08,Fulham,Wolves,0,0,D,0,0,D,H Webb,9,14,4,6,12,11,4,11,2,2,0,0
E0,18/10/08,Leeds,Man United,0,1,A,0,0,D,G Poll,3,18,2,10,19,8,7,2,4,1,0,0
E0,18/10/08,Man City,Bolton,6,2,H,1,1,D,S Bennett,16,12,13,8,11,8,7,4,1,1,1,0
E0,18/10/08,Middlesbrough,Newcastle,0,1,A,0,1,A,A Wiley,11,4,7,3,17,12,8,2,3,3,0,0
E0,18/10/08,Portsmouth,Liverpool,1,0,H,1,0,H,S Dunn,10,13,6,7,22,10,5,3,2,2,0,0
E0,19/10/08,Birmingham,Aston Villa,0,0,D,0,0,D,M Riley,4,2,3,1,16,20,3,4,2,1,0,0
E0,19/10/08,Everton,Southampton,0,0,D,0,0,D,M Messias,13,19,6,7,11,6,8,6,1,2,0,0
E0,19/10/08,Leicester,Tottenham,1,2,A,1,0,H,A D'Urso,22,7,15,4,12,19,5,1,3,3,0,0
E0,20/10/08,Blackburn,Charlton,0,1,A,0,1,A,G Barber,15,10,6,5,17,12,5,3,3,0,0,0
E0,21/10/08,Fulham,Newcastle,2,3,A,2,1,H,B Knight,4,11,4,7,14,16,4,8,2,2,0,0
E0,25/10/08,Aston Villa,Everton,0,0,D,0,0,D,A D'Urso,16,8,6,2,11,12,9,3,0,1,0,0
E0,25/10/08,Bolton,Birmingham,0,1,A,0,1,A,C Foy,16,7,7,3,14,16,7,3,1,2,0,0
E0,25/10/08,Chelsea,Man City,1,0,H,1,0,H,P Dowd,7,9,4,6,8,8,1,5,0,0,0,0
E0,25/10/08,Liverpool,Leeds,3,1,H,1,1,D,J Winter,20,7,9,5,11,13,9,3,0,2,0,0
E0,25/10/08,Man United,Fulham,1,3,A,1,1,D,M Riley,17,12,9,7,10,14,10,2,4,2,0,0
E0,25/10/08,Newcastle,Portsmouth,3,0,H,2,0,H,P Durkin,10,9,8,4,12,14,6,6,0,1,0,0
E0,25/10/08,Southampton,Blackburn,2,0,H,0,0,D,S Bennett,22,6,15,3,17,14,5,3,0,1,0,1
E0,25/10/08,Wolves,Leicester,4,3,H,0,3,A,P Walton,12,7,8,5,6,13,2,6,0,2,0,0
E0,26/10/08,Charlton,Arsenal,1,1,D,1,1,D,S Dunn,6,11,4,6,15,13,7,5,1,1,0,0
E0,26/10/08,Tottenham,Middlesbrough,0,0,D,0,0,D,M Dean,12,16,8,10,14,10,8,5,3,2,0,0
E0,01/11/08,Everton,Chelsea,0,1,A,0,0,D,J Winter,12,17,4,7,5,11,3,1,0,0,0,0
E0,01/11/08,Leeds,Arsenal,1,4,A,0,3,A,M Dean,9,13,5,9,12,11,4,3,1,0,0,0
E0,01/11/08,Man United,Portsmouth,3,0,H,1,0,H,N Barry,10,9,4,3,13,12,3,3,0,3,0,0
E0,01/11/08,Middlesbrough,Wolves,2,0,H,0,0,D,S Dunn,14,9,11,2,8,12,7,3,1,2,0,1
E0,01/11/08,Newcastle,Aston Villa,1,1,D,1,1,D,M Messias,22,11,13,6,9,17,15,3,2,3,0,1
E0,01/11/08,Southampton,Man City,0,2,A,0,1,A,A Wiley,8,13,5,9,10,16,4,6,1,1,0,0
E0,01/11/08,Tottenham,Bolton,0,1,A,0,0,D,U Rennie,10,25,6,15,18,6,7,5,3,0,0,0
E0,02/11/08,Fulham,Liverpool,1,2,A,1,1,D,R Styles,10,10,6,6,13,10,4,8,1,1,1,0
E0,02/11/08,Leicester,Blackburn,2,0,H,0,0,D,D Gallagher,4,10,3,2,11,11,2,6,2,1,0,0
E0,03/11/08,Birmingham,Charlton,1,2,A,0,1,A,P Dowd,14,13,13,9,14,18,15,8,1,1,0,0
E0,08/11/08,Arsenal,Tottenham,2,1,H,0,1,A,M Halsey,9,5,3,2,8,22,9,5,1,4,0,0
E0,08/11/08,Aston Villa,Middlesbrough,0,2,A,0,1,A,D Gallagher,12,8,4,3,19,16,5,2,1,2,0,0
E0,08/11/08,Bolton,Southampton,0,0,D,0,0,D,H Webb,18,8,11,5,10,14,8,6,2,1,0,1
E0,08/11/08,Charlton,Fulham,3,1,H,1,0,H,A D'Urso,12,11,7,7,10,12,1,5,1,2,0,0
E0,08/11/08,Portsmouth,Leeds,6,1,H,2,1,H,C Foy,14,6,6,5,9,11,3,2,1,4,0,0
E0,08/11/08,Wolves,Birmingham,1,1,D,0,0,D,G Barber,11,4,4,2,13,12,8,1,2,1,0,0
E0,09/11/08,Chelsea,Newcastle,5,0,H,3,0,H,P Durkin,15,4,8,3,13,5,2,0,0,0,0,1
E0,09/11/08,Liverpool,Man United,1,2,A,0,0,D,G Poll,10,6,4,4,16,9,2,6,1,2,0,0
E0,09/11/08,Man City,Leicester,0,3,A,0,1,A,M Riley,14,6,4,3,7,12,12,3,2,2,0,0
E0,10/11/08,Blackburn,Everton,2,1,H,2,0,H,P Dowd,18,8,12,2,16,9,12,3,3,2,0,0
E0,22/11/08,Birmingham,Arsenal,0,3,A,0,1,A,P Durkin,7,9,1,6,8,11,8,6,1,2,0,0
E0,22/11/08,Everton,Wolves,2,0,H,2,0,H,M Riley,23,8,15,4,7,23,8,3,2,2,0,0
E0,22/11/08,Leeds,Bolton,0,2,A,0,2,A,G Poll,13,10,10,5,15,11,8,2,1,0,0,0
E0,22/11/08,Leicester,Charlton,1,1,D,1,0,H,G Barber,13,7,7,4,15,15,3,3,2,1,0,0
E0,22/11/08,Man United,Blackburn,2,1,H,2,0,H,M Halsey,14,13,8,6,6,15,7,4,0,1,0,0
E0,22/11/08,Middlesbrough,Liverpool,0,0,D,0,0,D,P Dowd,8,8,3,1,16,15,3,4,2,2,0,0
E0,22/11/08,Newcastle,Man City,3,0,H,0,0,D,N Barry,17,5,10,1,13,16,4,2,1,2,0,0
E0,22/11/08,Southampton,Chelsea,0,1,A,0,0,D,D Gallagher,13,8,3,4,7,13,3,3,0,1,0,0
E0,23/11/08,Tottenham,Aston Villa,2,1,H,0,0,D,J Winter,10,13,5,6,14,15,3,3,0,1,0,0
E0,24/11/08,Fulham,Portsmouth,2,0,H,2,0,H,A Wiley,8,12,4,6,9,16,2,11,0,3,0,1
E0,29/11/08,Aston Villa,Southampton,1,0,H,1,0,H,M Messias,22,7,12,3,13,13,9,4,0,1,0,0
E0,29/11/08,Blackburn,Tottenham,1,0,H,0,0,D,G Poll,18,9,12,3,10,13,9,6,0,1,0,0
E0,29/11/08,Bolton,Everton,2,0,H,1,0,H,P Durkin,13,7,6,3,11,18,7,7,0,2,0,0
E0,29/11/08,Charlton,Leeds,0,1,A,0,1,A,M Halsey,13,12,6,6,11,17,3,4,2,1,0,0
E0,29/11/08,Portsmouth,Leicester,0,2,A,0,1,A,M Dean,12,7,7,3,12,14,11,4,5,1,0,0
E0,29/11/08,Wolves,Newcastle,1,1,D,1,1,D,S Bennett,10,7,4,4,14,14,5,3,2,1,0,0
E0,30/11/08,Arsenal,Fulham,0,0,D,0,0,D,G Barber,22,7,14,1,13,11,9,0,1,1,0,0
E0,30/11/08,Chelsea,Man United,1,0,H,1,0,H,A Wiley,12,5,4,3,11,12,2,4,4,1,0,0
E0,30/11/08,Liverpool,Birmingham,3,1,H,1,1,D,N Barry,10,7,7,4,24,17,6,4,2,1,0,0
E0,30/11/08,Man City,Middlesbrough,0,1,A,0,1,A,M Riley,24,2,14,0,15,12,12,0,0,0,0,0
E0,06/12/08,Birmingham,Blackburn,0,4,A,0,0,D,G Barber,6,11,2,7,23,15,10,7,1,1,1,0
E0,06/12/08,Fulham,Bolton,2,1,H,0,0,D,A D'Urso,10,10,3,5,15,11,3,2,0,2,0,0
E0,06/12/08,Leeds,Chelsea,1,1,D,1,0,H,M Dean,8,19,4,10,14,11,2,8,3,2,0,0
E0,06/12/08,Leicester,Arsenal,1,1,D,0,0,D,R Styles,4,8,1,5,13,12,7,5,1,1,0,1
E0,06/12/08,Man United,Aston Villa,4,0,H,2,0,H,S Dunn,12,10,8,3,6,11,6,5,0,1,0,0
E0,06/12/08,Middlesbrough,Portsmouth,0,0,D,0,0,D,S Bennett,5,6,3,2,17,20,6,5,2,3,0,1
E0,06/12/08,Newcastle,Liverpool,1,1,D,0,1,A,G Poll,13,7,6,3,13,13,8,1,1,4,0,0
E0,06/12/08,Tottenham,Wolves,5,2,H,1,1,D,U Rennie,12,16,10,8,14,8,4,5,2,0,0,0
E0,07/12/08,Everton,Man City,0,0,D,0,0,D,J Winter,9,15,2,7,11,13,3,5,1,1,0,0
E0,07/12/08,Southampton,Charlton,3,2,H,2,0,H,P Walton,18,20,14,14,12,12,8,9,0,0,0,0
E0,13/12/08,Chelsea,Bolton,1,2,A,1,1,D,M Messias,9,4,5,2,13,11,8,3,2,2,0,0
E0,13/12/08,Leicester,Birmingham,0,2,A,0,1,A,M Riley,8,9,5,4,19,16,6,7,2,2,2,0
E0,13/12/08,Liverpool,Southampton,1,2,A,0,1,A,P Durkin,18,8,10,4,6,8,9,5,0,0,0,0
E0,13/12/08,Man United,Man City,3,1,H,2,0,H,M Halsey,10,12,7,9,8,10,2,5,0,2,0,0
E0,13/12/08,Middlesbrough,Charlton,0,0,D,0,0,D,H Webb,12,10,6,3,13,11,3,7,1,1,0,0
E0,13/12/08,Newcastle,Tottenham,4,0,H,1,0,H,A Wiley,19,4,11,4,10,12,11,7,2,2,0,0
E0,13/12/08,Portsmouth,Everton,1,2,A,1,2,A,U Rennie,12,9,10,4,13,13,7,10,1,1,0,0
E0,14/12/08,Arsenal,Blackburn,1,0,H,1,0,H,A D'Urso,11,5,7,1,14,14,5,6,2,4,0,0
E0,14/12/08,Aston Villa,Wolves,3,2,H,2,1,H,G Poll,11,8,8,5,12,14,4,6,3,4,0,0
E0,14/12/08,Leeds,Fulham,3,2,H,1,0,H,N Barry,14,10,11,7,17,11,6,5,2,1,0,0
E0,20/12/08,Blackburn,Aston Villa,0,2,A,0,0,D,D Gallagher,12,15,5,7,7,11,9,1,1,0,0,0
E0,20/12/08,Bolton,Arsenal,1,1,D,0,0,D,G Poll,19,9,13,4,11,13,8,1,2,2,0,0
E0,20/12/08,Charlton,Newcastle,0,0,D,0,0,D,S Bennett,18,11,10,5,11,9,7,9,0,0,0,0
E0,20/12/08,Everton,Leicester,3,2,H,1,1,D,P Dowd,15,6,8,4,13,18,11,7,2,3,0,0
E0,20/12/08,Fulham,Chelsea,0,1,A,0,0,D,M Riley,7,11,2,9,11,10,2,8,2,3,0,0
E0,21/12/08,Southampton,Portsmouth,3,0,H,1,0,H,J Winter,12,11,7,7,7,21,8,5,0,3,0,0
E0,21/12/08,Tottenham,Man United,1,2,A,0,2,A,R Styles,14,12,8,7,12,8,7,8,2,2,0,0
E0,22/12/08,Man City,Leeds,1,1,D,0,1,A,G Barber,19,6,11,4,7,8,8,5,0,3,0,0
E0,26/12/08,Arsenal,Wolves,3,0,H,2,0,H,P Dowd,15,5,10,1,15,17,14,3,2,5,0,0
E0,26/12/08,Birmingham,Man City,2,1,H,0,1,A,U Rennie,5,9,3,5,18,14,9,3,2,1,0,0
E0,26/12/08,Blackburn,Middlesbrough,2,2,D,1,1,D,A Wiley,13,5,10,3,11,10,14,1,2,1,0,0
E0,26/12/08,Charlton,Chelsea,4,2,H,2,1,H,G Poll,8,15,4,8,14,10,8,6,1,1,0,0
E0,26/12/08,Fulham,Southampton,2,0,H,1,0,H,D Gallagher,14,6,7,2,13,12,11,5,0,2,0,0
E0,26/12/08,Leeds,Aston Villa,0,0,D,0,0,D,S Bennett,6,13,3,4,15,13,7,5,0,2,0,0
E0,26/12/08,Leicester,Newcastle,1,1,D,0,0,D,C Foy,6,12,5,6,11,10,6,7,0,0,0,0
E0,26/12/08,Liverpool,Bolton,3,1,H,1,0,H,J Winter,13,7,8,2,10,18,7,1,0,2,0,0
E0,26/12/08,Man United,Everton,3,2,H,2,1,H,M Dean,19,10,11,6,8,10,7,2,0,2,0,0
E0,26/12/08,Portsmouth,Tottenham,2,0,H,0,0,D,S Dunn,10,5,8,3,10,10,3,6,1,1,0,0
E0,28/12/08,Aston Villa,Fulham,3,0,H,1,0,H,B Knight,12,9,8,3,17,7,8,3,0,0,0,0
E0,28/12/08,Bolton,Leicester,2,2,D,1,1,D,N Barry,15,7,8,6,16,17,3,7,1,2,0,0
E0,28/12/08,Chelsea,Portsmouth,3,0,H,0,0,D,G Barber,15,7,8,3,8,14,7,1,0,0,0,0
E0,28/12/08,Everton,Birmingham,1,0,H,0,0,D,R Styles,16,5,6,2,7,13,5,2,0,0,0,0
E0,28/12/08,Man City,Liverpool,2,2,D,1,0,H,M Riley,16,11,8,9,6,14,7,7,1,2,0,0
E0,28/12/08,Middlesbrough,Man United,0,1,A,0,1,A,M Messias,11,10,2,6,11,15,4,2,3,2,0,1
E0,28/12/08,Newcastle,Blackburn,0,1,A,0,0,D,M Halsey,15,11,11,3,6,13,8,8,0,1,0,0
E0,28/12/08,Tottenham,Charlton,0,1,A,0,0,D,P Durkin,18,10,9,8,8,13,11,11,1,0,0,0
E0,28/12/08,Wolves,Leeds,3,1,H,1,1,D,A D'Urso,11,9,4,4,11,14,6,10,1,4,0,1
E0,29/12/08,Southampton,Arsenal,0,1,A,0,1,A,S Dunn,6,17,3,9,14,10,2,3,1,0,0,0
E0,06/01/09,Aston Villa,Portsmouth,2,1,H,1,0,H,J Winter,18,11,13,4,17,14,9,6,0,0,0,0
E0,07/01/09,Bolton,Man United,1,2,A,0,2,A,D Gallagher,15,11,5,7,4,8,10,6,2,0,0,0
E0,07/01/09,Chelsea,Liverpool,0,1,A,0,1,A,S Dunn,9,4,2,1,15,9,8,3,0,2,0,1
E0,07/01/09,Everton,Arsenal,1,1,D,0,1,A,A Wiley,8,9,4,5,13,16,5,4,0,3,0,0
E0,07/01/09,Man City,Charlton,1,1,D,1,0,H,P Walton,18,9,10,4,9,11,2,2,0,0,0,0
E0,07/01/09,Middlesbrough,Fulham,2,1,H,1,0,H,P Durkin,10,9,5,4,14,17,9,1,1,2,0,0
E0,07/01/09,Newcastle,Leeds,1,0,H,1,0,H,P Dowd,13,9,6,5,14,17,5,3,0,1,0,0
E0,07/01/09,Southampton,Leicester,0,0,D,0,0,D,H Webb,14,9,14,8,12,15,4,5,2,1,0,0
E0,07/01/09,Tottenham,Birmingham,4,1,H,3,0,H,B Knight,11,9,7,3,15,6,1,6,0,0,0,0
E0,07/01/09,Wolves,Blackburn,2,2,D,0,1,A,N Barry,10,9,5,5,13,20,2,7,1,1,0,0
E0,10/01/09,Arsenal,Middlesbrough,4,1,H,2,0,H,A D'Urso,20,5,13,4,12,21,7,3,1,1,0,0
E0,10/01/09,Birmingham,Southampton,2,1,H,1,1,D,S Bennett,11,9,6,6,14,23,7,10,0,1,0,1
E0,10/01/09,Blackburn,Bolton,3,4,A,3,2,H,S Dunn,8,16,3,10,15,13,4,7,2,3,0,0
E0,10/01/09,Charlton,Wolves,2,0,H,1,0,H,R Styles,10,7,4,4,6,12,6,5,1,3,0,0
E0,10/01/09,Fulham,Everton,2,1,H,1,0,H,G Poll,14,11,10,5,19,9,5,7,0,0,0,0
E0,10/01/09,Leeds,Tottenham,0,1,A,0,0,D,M Halsey,7,15,1,8,17,13,4,5,0,1,0,0
E0,10/01/09,Liverpool,Aston Villa,1,0,H,1,0,H,G Barber,12,8,4,2,14,15,3,6,3,2,0,0
E0,10/01/09,Portsmouth,Man City,4,2,H,1,2,A,M Messias,11,15,8,6,7,8,2,7,0,2,0,0
E0,11/01/09,Leicester,Chelsea,0,4,A,0,2,A,U Rennie,6,11,3,6,17,7,6,2,0,1,0,0
E0,11/01/09,Man United,Newcastle,0,0,D,0,0,D,P Durkin,12,7,7,3,13,11,2,3,2,0,0,0
E0,17/01/09,Bolton,Portsmouth,1,0,H,0,0,D,P Dowd,13,8,6,3,9,13,2,2,1,1,0,1
E0,17/01/09,Everton,Charlton,0,1,A,0,1,A,M Riley,17,7,7,4,6,14,10,5,4,2,0,0
E0,17/01/09,Man City,Blackburn,1,1,D,0,0,D,M Dean,10,6,7,3,7,13,4,2,2,1,0,0
E0,17/01/09,Middlesbrough,Leicester,3,3,D,1,0,H,B Knight,13,14,7,8,15,12,6,6,2,5,0,0
E0,17/01/09,Southampton,Leeds,2,1,H,2,0,H,A Wiley,18,11,6,6,16,8,1,6,1,1,0,0
E0,17/01/09,Tottenham,Liverpool,2,1,H,1,0,H,U Rennie,7,10,3,4,18,9,5,6,1,1,0,0
E0,17/01/09,Wolves,Man United,1,0,H,0,0,D,A D'Urso,11,15,6,6,13,5,4,12,2,0,0,0
E0,18/01/09,Aston Villa,Arsenal,0,2,A,0,1,A,M Halsey,12,13,5,9,17,21,3,2,4,1,0,0
E0,18/01/09,Chelsea,Birmingham,0,0,D,0,0,D,J Winter,16,2,9,1,13,8,6,2,2,2,0,0
E0,19/01/09,Newcastle,Fulham,3,1,H,2,0,H,N Barry,10,13,9,6,10,8,7,4,0,1,0,0
E0,21/01/09,Wolves,Liverpool,1,1,D,0,1,A,B Knight,9,14,6,10,14,16,7,5,2,1,0,0
E0,31/01/09,Birmingham,Newcastle,1,1,D,0,1,A,R Styles,15,4,5,2,13,11,2,3,1,3,0,0
E0,31/01/09,Charlton,Bolton,1,2,A,1,1,D,A D'Urso,14,14,7,10,9,9,5,6,0,0,0,0
E0,31/01/09,Fulham,Tottenham,2,1,H,1,1,D,M Messias,16,4,10,4,6,12,10,13,1,1,0,0
E0,31/01/09,Leeds,Middlesbrough,0,3,A,0,0,D,G Poll,8,15,4,6,14,6,7,6,1,1,1,0
E0,31/01/09,Leicester,Aston Villa,0,5,A,0,0,D,J Winter,13,14,9,10,12,7,5,9,0,1,0,0
E0,31/01/09,Liverpool,Everton,0,0,D,0,0,D,S Bennett,21,6,9,4,7,11,8,3,0,1,0,0
E0,31/01/09,Man United,Southampton,3,2,H,2,1,H,G Barber,12,17,7,11,9,11,1,10,0,2,0,0
E0,31/01/09,Portsmouth,Wolves,0,0,D,0,0,D,H Webb,17,8,10,4,9,6,6,6,0,1,0,0
E0,01/02/09,Arsenal,Man City,2,1,H,1,0,H,A Wiley,11,9,9,8,13,13,5,4,2,2,0,1
E0,01/02/09,Blackburn,Chelsea,2,3,A,1,2,A,D Gallagher,13,17,7,9,9,14,5,6,2,0,0,0
E0,07/02/09,Aston Villa,Leeds,2,0,H,1,0,H,U Rennie,15,7,7,4,15,16,3,10,2,2,0,0
E0,07/02/09,Bolton,Liverpool,2,2,D,1,0,H,A Wiley,12,11,6,6,15,15,3,5,3,2,0,0
E0,07/02/09,Everton,Man United,3,4,A,0,3,A,N Barry,12,19,8,9,11,14,7,7,1,0,0,0
E0,07/02/09,Middlesbrough,Blackburn,0,1,A,0,1,A,R Styles,15,6,7,2,6,12,8,3,0,1,0,0
E0,07/02/09,Newcastle,Leicester,3,1,H,2,0,H,S Dunn,15,7,9,3,17,11,9,1,1,2,0,0
E0,07/02/09,Southampton,Fulham,0,0,D,0,0,D,A D'Urso,11,11,6,8,12,18,17,3,1,2,0,0
E0,07/02/09,Tottenham,Portsmouth,4,3,H,2,1,H,P Walton,15,16,13,9,16,13,6,5,1,0,0,0
E0,07/02/09,Wolves,Arsenal,1,3,A,1,1,D,P Dowd,12,10,5,7,18,18,6,4,2,1,0,0
E0,08/02/09,Chelsea,Charlton,1,0,H,1,0,H,S Bennett,16,5,6,0,9,17,4,3,2,0,0,0
E0,08/02/09,Man City,Birmingham,0,0,D,0,0,D,P Durkin,21,7,12,2,11,10,11,5,0,1,0,0
E0,10/02/09,Arsenal,Southampton,2,0,H,1,0,H,N Barry,11,10,6,6,13,12,5,9,2,3,0,0
E0,10/02/09,Leeds,Wolves,4,1,H,2,1,H,M Dean,20,11,8,5,15,14,4,3,1,2,0,0
E0,10/02/09,Leicester,Bolton,1,1,D,1,1,D,U Rennie,15,9,15,9,16,13,8,7,1,2,0,0
E0,11/02/09,Birmingham,Everton,3,0,H,2,0,H,M Halsey,15,5,11,3,10,14,8,11,1,0,0,0
E0,11/02/09,Blackburn,Newcastle,1,1,D,0,0,D,M Messias,17,14,7,7,12,10,8,6,0,0,0,0
E0,11/02/09,Charlton,Tottenham,2,4,A,0,2,A,G Barber,18,12,14,10,13,14,10,4,3,0,0,0
E0,11/02/09,Fulham,Aston Villa,1,2,A,1,2,A,B Knight,13,10,6,3,16,17,6,5,2,1,1,0
E0,11/02/09,Liverpool,Man City,2,1,H,1,0,H,M Riley,12,6,7,3,7,8,6,3,0,0,0,0
E0,11/02/09,Man United,Middlesbrough,2,3,A,1,2,A,P Durkin,23,12,13,8,13,17,10,5,1,1,0,0
E0,11/02/09,Portsmouth,Chelsea,0,2,A,0,1,A,G Poll,11,10,5,4,8,13,9,10,1,2,0,0
E0,21/02/09,Bolton,Man City,1,3,A,1,2,A,S Dunn,16,17,11,13,9,10,12,11,0,2,0,0
E0,21/02/09,Charlton,Blackburn,3,2,H,2,0,H,U Rennie,11,18,7,12,7,6,8,12,0,0,0,0
E0,21/02/09,Chelsea,Arsenal,1,2,A,1,2,A,M Riley,10,9,4,7,16,18,11,5,4,2,1,0
E0,21/02/09,Man United,Leeds,1,1,D,0,0,D,M Halsey,24,7,7,3,12,17,12,7,1,2,0,0
E0,21/02/09,Newcastle,Middlesbrough,2,1,H,0,1,A,G Poll,16,8,9,4,20,21,7,3,0,3,0,0
E0,21/02/09,Southampton,Everton,3,3,D,0,2,A,P Dowd,9,12,5,6,14,19,6,5,1,0,0,0
E0,21/02/09,Wolves,Fulham,2,1,H,1,0,H,H Webb,12,9,10,5,13,16,8,6,1,0,0,0
E0,22/02/09,Aston Villa,Birmingham,2,2,D,1,0,H,J Winter,11,13,8,9,15,14,7,5,0,1,0,0
E0,22/02/09,Tottenham,Leicester,4,4,D,3,1,H,N Barry,10,14,9,7,9,14,4,3,0,2,0,1
E0,28/02/09,Arsenal,Charlton,2,1,H,2,0,H,G Barber,21,6,11,3,8,10,12,3,0,0,0,0
E0,28/02/09,Blackburn,Southampton,1,1,D,0,1,A,M Dean,16,10,7,6,10,8,6,9,1,1,0,0
E0,28/02/09,Everton,Aston Villa,2,0,H,0,0,D,M Messias,15,12,7,8,13,18,5,11,4,2,0,0
E0,28/02/09,Fulham,Man United,1,1,D,0,1,A,A Wiley,7,13,3,7,13,19,4,3,1,3,0,0
E0,28/02/09,Leicester,Wolves,0,0,D,0,0,D,J Winter,10,6,6,3,7,9,6,3,0,1,0,0
E0,28/02/09,Man City,Chelsea,0,1,A,0,0,D,R Styles,14,9,4,4,8,11,7,1,0,1,0,0
E0,28/02/09,Leeds,Liverpool,2,2,D,2,2,D,P Durkin,12,22,6,13,13,11,6,8,0,1,0,0
E0,28/02/09,Portsmouth,Newcastle,1,1,D,0,1,A,A D'Urso,18,5,8,2,9,9,8,6,2,2,0,0
E0,03/03/09,Birmingham,Middlesbrough,3,1,H,1,0,H,R Styles,9,8,5,6,13,20,4,5,3,4,0,1
E0,06/03/09,Birmingham,Bolton,2,0,H,1,0,H,A D'Urso,10,10,6,2,10,15,3,5,1,1,0,0
E0,09/03/09,Middlesbrough,Tottenham,1,0,H,0,0,D,A D'Urso,10,10,6,2,10,15,3,5,1,1,0,0
E0,13/03/09,Birmingham,Leicester,0,1,A,0,0,D,M Messias,6,4,4,2,12,26,8,6,1,2,0,0
E0,13/03/09,Blackburn,Arsenal,0,2,A,0,0,D,A Wiley,10,14,5,5,12,11,8,3,1,1,0,0
E0,13/03/09,Bolton,Chelsea,0,2,A,0,0,D,G Poll,20,12,11,8,8,13,8,6,1,0,0,0
E0,13/03/09,Charlton,Middlesbrough,1,0,H,1,0,H,M Dean,14,15,7,9,13,9,4,7,0,0,0,0
E0,13/03/09,Everton,Portsmouth,1,0,H,0,0,D,N Barry,13,5,6,3,10,12,6,4,0,2,0,0
E0,13/03/09,Fulham,Leeds,2,0,H,0,0,D,S Dunn,19,9,10,6,14,13,4,7,4,3,0,0
E0,14/03/09,Man City,Man United,4,1,H,2,1,H,S Bennett,17,17,11,9,18,14,7,4,1,2,0,0
E0,14/03/09,Southampton,Liverpool,2,0,H,0,0,D,D Gallagher,7,18,3,12,20,8,1,7,3,1,0,0
E0,14/03/09,Tottenham,Newcastle,1,0,H,0,0,D,H Webb,11,6,4,4,13,13,3,12,0,0,0,0
E0,14/03/09,Wolves,Aston Villa,0,4,A,0,3,A,P Durkin,9,15,1,7,10,14,8,13,1,2,0,0
E0,17/03/09,Liverpool,Portsmouth,3,0,H,2,0,H,B Knight,20,4,13,4,9,20,10,8,0,1,0,0
E0,20/03/09,Arsenal,Bolton,2,1,H,2,1,H,G Barber,11,8,8,2,12,14,6,1,1,2,0,0
E0,20/03/09,Aston Villa,Blackburn,0,2,A,0,2,A,A D'Urso,10,16,7,7,11,14,4,6,0,2,0,0
E0,20/03/09,Chelsea,Fulham,2,1,H,2,1,H,N Barry,13,5,8,1,12,13,9,1,1,2,0,0
E0,20/03/09,Leicester,Everton,1,1,D,0,0,D,B Knight,10,7,4,3,12,21,9,2,1,5,0,1
E0,20/03/09,Liverpool,Wolves,1,0,H,0,0,D,R Styles,12,8,4,6,5,12,14,4,0,1,0,0
E0,20/03/09,Man United,Tottenham,3,0,H,1,0,H,D Gallagher,11,8,6,3,14,10,4,2,1,1,0,0
E0,20/03/09,Middlesbrough,Birmingham,5,3,H,4,2,H,U Rennie,13,18,9,12,11,13,4,4,2,0,0,0
E0,20/03/09,Newcastle,Charlton,3,1,H,2,0,H,M Riley,15,6,10,2,11,12,6,6,0,2,0,0
E0,21/03/09,Portsmouth,Southampton,1,0,H,0,0,D,M Halsey,16,13,8,8,16,12,6,4,0,2,0,0
E0,22/03/09,Leeds,Man City,2,1,H,1,1,D,A Wiley,4,21,3,14,13,14,4,5,2,1,0,1
E0,27/03/09,Birmingham,Leeds,4,1,H,1,1,D,M Halsey,17,11,7,7,11,18,7,7,0,1,0,0
E0,27/03/09,Blackburn,Portsmouth,1,2,A,1,1,D,P Durkin,14,8,9,4,11,10,5,3,0,0,0,0
E0,27/03/09,Charlton,Aston Villa,1,2,A,1,1,D,B Knight,11,19,9,11,11,14,3,12,1,1,0,0
E0,27/03/09,Chelsea,Wolves,5,2,H,1,1,D,G Barber,15,9,10,4,6,12,7,4,0,2,0,0
E0,27/03/09,Everton,Middlesbrough,1,1,D,0,0,D,S Bennett,14,10,7,5,16,13,8,4,0,2,0,0
E0,27/03/09,Man City,Fulham,0,0,D,0,0,D,J Winter,12,5,4,2,12,10,3,1,1,0,0,0
E0,27/03/09,Southampton,Tottenham,1,0,H,0,0,D,C Foy,18,15,11,9,8,16,10,6,0,2,0,0
E0,28/03/09,Arsenal,Man United,1,1,D,0,0,D,G Poll,17,13,10,8,15,18,8,7,1,1,0,0
E0,28/03/09,Bolton,Newcastle,1,0,H,1,0,H,M Dean,20,15,12,7,11,10,7,7,1,2,0,0
E0,28/03/09,Leicester,Liverpool,0,0,D,0,0,D,P Dowd,13,19,9,12,15,20,7,10,4,3,0,0
E0,03/04/09,Fulham,Birmingham,0,0,D,0,0,D,M Riley,6,6,5,1,24,22,4,2,4,2,0,0
E0,03/04/09,Middlesbrough,Bolton,2,0,H,1,0,H,N Barry,10,13,6,8,13,15,7,8,2,2,0,0
E0,03/04/09,Newcastle,Everton,4,2,H,2,1,H,D Gallagher,12,13,8,6,11,7,5,9,0,0,0,0
E0,03/04/09,Tottenham,Chelsea,0,1,A,0,1,A,S Bennett,12,10,7,7,10,10,5,4,2,0,0,0
E0,03/04/09,Wolves,Southampton,1,4,A,0,1,A,M Halsey,8,13,3,10,12,8,3,6,2,1,0,0
E0,04/04/09,Aston Villa,Man City,1,1,D,1,0,H,U Rennie,6,7,3,4,13,13,5,4,1,2,0,0
E0,04/04/09,Liverpool,Blackburn,4,0,H,3,0,H,J Winter,24,9,11,2,8,10,6,4,0,1,0,0
E0,05/04/09,Leeds,Leicester,3,2,H,2,0,H,M Dean,15,14,10,9,19,14,7,11,2,1,1,0
E0,09/04/09,Arsenal,Liverpool,4,2,H,1,2,A,A Wiley,12,12,7,5,16,9,2,8,3,1,0,0
E0,09/04/09,Everton,Tottenham,3,1,H,3,0,H,R Styles,13,12,10,7,9,14,8,4,0,3,0,1
E0,10/04/09,Birmingham,Man United,1,2,A,1,0,H,D Gallagher,11,10,8,6,11,10,0,3,0,0,0,0
E0,10/04/09,Blackburn,Leeds,1,2,A,0,1,A,S Dunn,9,8,7,3,14,13,6,4,2,2,0,0
E0,10/04/09,Bolton,Aston Villa,2,2,D,0,1,A,M Messias,16,7,7,3,10,12,6,4,1,3,0,0
E0,10/04/09,Charlton,Portsmouth,1,1,D,1,0,H,A D'Urso,9,10,3,8,14,8,6,2,1,1,0,0
E0,10/04/09,Chelsea,Middlesbrough,0,0,D,0,0,D,M Halsey,19,9,9,5,10,8,6,2,1,1,0,0
E0,10/04/09,Leicester,Fulham,0,2,A,0,0,D,P Walton,10,9,7,4,13,15,15,4,2,0,0,0
E0,10/04/09,Man City,Wolves,3,3,D,2,2,D,J Winter,14,15,8,9,9,12,5,6,0,1,0,0
E0,11/04/09,Newcastle,Arsenal,0,0,D,0,0,D,P Durkin,9,11,5,5,14,12,5,4,0,1,0,0
E0,12/04/09,Aston Villa,Chelsea,3,2,H,1,1,D,J Winter,5,6,3,2,8,14,7,2,0,1,0,0
E0,12/04/09,Fulham,Blackburn,3,4,A,2,1,H,M Dean,10,11,7,7,12,14,6,1,0,0,0,0
E0,12/04/09,Liverpool,Charlton,0,1,A,0,0,D,P Dowd,25,6,16,3,12,17,7,4,1,0,0,0
E0,12/04/09,Middlesbrough,Southampton,3,1,H,2,0,H,D Gallagher,25,16,18,8,11,14,6,3,0,0,0,0
E0,12/04/09,Portsmouth,Birmingham,3,1,H,1,0,H,B Knight,12,6,6,2,19,11,4,4,1,2,0,1
E0,12/04/09,Tottenham,Man City,1,1,D,0,1,A,C Foy,15,9,10,8,10,21,4,3,1,1,0,0
E0,12/04/09,Wolves,Bolton,1,2,A,1,1,D,U Rennie,8,13,3,4,12,11,6,9,2,1,0,0
E0,13/04/09,Leeds,Everton,1,1,D,0,1,A,P Durkin,14,8,7,4,12,12,10,5,2,1,0,0
E0,13/04/09,Man United,Leicester,1,0,H,0,0,D,M Halsey,16,12,12,5,11,11,7,4,0,3,0,0
E0,16/04/09,Arsenal,Leeds,5,0,H,3,0,H,D Gallagher,15,7,8,2,10,10,3,8,0,0,0,0
E0,17/04/09,Blackburn,Leicester,1,0,H,1,0,H,R Styles,12,8,4,4,16,14,2,4,2,1,0,0
E0,17/04/09,Bolton,Tottenham,2,0,H,1,0,H,J Winter,15,4,10,0,18,21,11,5,1,2,0,0
E0,17/04/09,Charlton,Birmingham,1,1,D,0,0,D,C Foy,12,7,5,4,14,9,9,3,1,0,0,0
E0,17/04/09,Chelsea,Everton,0,0,D,0,0,D,G Poll,16,5,6,4,11,10,8,4,0,0,0,0
E0,17/04/09,Liverpool,Fulham,0,0,D,0,0,D,S Bennett,18,11,10,7,16,10,14,7,0,3,0,0
E0,17/04/09,Man City,Southampton,1,3,A,0,1,A,G Barber,15,9,7,5,11,9,6,3,1,1,0,0
E0,17/04/09,Portsmouth,Man United,1,0,H,1,0,H,N Barry,9,19,4,12,14,8,3,13,2,1,0,0
E0,17/04/09,Wolves,Middlesbrough,2,0,H,1,0,H,A D'Urso,12,16,8,10,10,10,6,8,1,2,0,0
E0,18/04/09,Aston Villa,Newcastle,0,0,D,0,0,D,B Knight,10,5,1,4,17,13,7,3,1,4,0,1
E0,20/04/09,Man United,Charlton,2,0,H,1,0,H,S Dunn,10,5,6,0,10,8,8,3,0,1,0,0
E0,24/04/09,Everton,Blackburn,0,1,A,0,0,D,P Dowd,16,10,9,7,8,22,8,5,0,4,0,0
E0,24/04/09,Fulham,Charlton,2,0,H,1,0,H,M Messias,8,8,6,3,15,13,4,7,1,1,0,0
E0,24/04/09,Leicester,Man City,1,1,D,0,1,A,A D'Urso,12,11,5,5,13,14,4,2,1,1,0,0
E0,24/04/09,Man United,Liverpool,0,1,A,0,0,D,M Riley,11,9,4,4,19,15,3,4,2,1,0,0
E0,24/04/09,Middlesbrough,Aston Villa,1,2,A,1,1,D,G Barber,31,12,21,9,12,15,12,8,0,1,0,1
E0,24/04/09,Southampton,Bolton,1,2,A,1,0,H,S Dunn,9,11,3,8,13,16,2,2,4,3,0,0
E0,25/04/09,Birmingham,Wolves,2,2,D,2,1,H,M Dean,14,11,9,7,11,13,9,2,1,0,0,0
E0,25/04/09,Leeds,Portsmouth,1,2,A,0,1,A,U Rennie,14,7,6,5,9,21,9,2,2,2,0,0
E0,25/04/09,Newcastle,Chelsea,2,1,H,1,1,D,R Styles,21,17,12,6,12,12,7,5,1,2,0,0
E0,25/04/09,Tottenham,Arsenal,2,2,D,0,2,A,M Halsey,13,9,7,7,14,15,7,4,1,1,0,0
E0,01/05/09,Arsenal,Birmingham,0,0,D,0,0,D,G Poll,7,3,1,3,13,16,2,3,0,2,0,0
E0,01/05/09,Blackburn,Man United,1,0,H,0,0,D,M Dean,12,9,8,5,11,10,5,4,2,1,0,0
E0,01/05/09,Charlton,Leicester,2,2,D,0,1,A,R Styles,8,10,7,5,15,7,5,4,1,0,0,1
E0,01/05/09,Chelsea,Southampton,4,0,H,0,0,D,P Durkin,12,5,7,3,6,5,12,3,0,0,0,0
E0,01/05/09,Man City,Newcastle,1,0,H,0,0,D,M Halsey,7,7,3,6,7,9,7,5,1,1,0,0
E0,01/05/09,Portsmouth,Fulham,1,1,D,0,0,D,S Dunn,14,11,7,7,14,13,10,3,1,4,0,0
E0,01/05/09,Wolves,Everton,2,1,H,0,1,A,M Riley,20,10,11,6,7,12,12,7,0,1,0,0
E0,02/05/09,Aston Villa,Tottenham,1,0,H,1,0,H,N Barry,11,10,6,5,15,20,5,5,2,1,0,0
E0,02/05/09,Bolton,Leeds,4,1,H,0,1,A,S Bennett,21,6,14,4,14,20,9,3,3,2,0,1
E0,02/05/09,Liverpool,Middlesbrough,2,0,H,0,0,D,A D'Urso,15,12,8,6,12,14,7,3,1,1,0,0
E0,04/05/09,Portsmouth,Arsenal,1,1,D,1,0,H,M Riley,11,20,6,9,13,10,5,12,0,2,0,0
E0,08/05/09,Birmingham,Liverpool,0,3,A,0,1,A,S Dunn,3,15,2,8,11,12,3,5,2,0,1,0
E0,08/05/09,Everton,Bolton,1,2,A,0,1,A,P Durkin,16,10,9,3,14,9,7,3,2,0,0,0
E0,08/05/09,Leeds,Charlton,3,3,D,2,1,H,M Halsey,13,12,7,6,12,9,3,2,0,0,0,0
E0,08/05/09,Leicester,Portsmouth,3,1,H,2,0,H,G Poll,13,14,9,7,11,15,8,3,0,2,0,0
E0,08/05/09,Man United,Chelsea,1,1,D,0,1,A,S Bennett,12,11,7,7,9,19,6,2,3,2,0,1
E0,08/05/09,Middlesbrough,Man City,2,1,H,2,1,H,M Riley,12,14,7,6,9,14,5,4,1,1,0,0
E0,08/05/09,Southampton,Aston Villa,1,1,D,1,1,D,H Webb,18,14,10,7,10,13,4,4,1,0,0,0
E0,08/05/09,Tottenham,Blackburn,1,0,H,1,0,H,A D'Urso,16,14,13,2,9,17,7,7,0,2,0,0
E0,09/05/09,Fulham,Arsenal,0,1,A,0,1,A,M Dean,12,7,5,5,13,19,6,7,1,3,0,0
E0,09/05/09,Newcastle,Wolves,1,1,D,1,0,H,M Messias,19,15,8,7,13,11,13,3,1,2,0,0
E0,12/05/09,Southampton,Newcastle,3,3,D,2,2,D,G Poll,15,22,12,12,13,16,3,5,1,2,0,0
E0,15/05/09,Arsenal,Leicester,2,1,H,0,1,A,P Durkin,17,2,10,1,15,13,7,5,0,1,0,0
E0,15/05/09,Aston Villa,Man United,0,2,A,0,2,A,R Styles,16,12,8,8,21,15,9,4,4,3,0,2
E0,15/05/09,Blackburn,Birmingham,1,1,D,1,0,H,D Gallagher,10,9,5,5,11,12,6,8,0,0,0,0
E0,15/05/09,Bolton,Fulham,0,2,A,0,1,A,G Barber,17,10,9,6,9,14,11,3,1,1,0,0
E0,15/05/09,Charlton,Southampton,2,1,H,1,0,H,J Winter,10,12,5,4,13,10,7,10,0,1,0,0
E0,15/05/09,Chelsea,Leeds,1,0,H,1,0,H,M Dean,19,4,9,0,5,9,9,2,0,0,0,0
E0,15/05/09,Liverpool,Newcastle,1,1,D,0,1,A,M Riley,8,6,4,5,11,17,8,1,1,1,0,0
E0,15/05/09,Man City,Everton,5,1,H,3,0,H,S Dunn,13,2,11,0,5,8,7,3,1,1,0,0
E0,15/05/09,Portsmouth,Middlesbrough,5,1,H,3,1,H,M Halsey,16,19,10,4,12,8,7,2,0,0,0,0
E0,15/05/09,Wolves,Tottenham,0,2,A,0,1,A,S Bennett,18,14,10,12,6,11,5,3,1,1,1,0
