Div,Date,HomeTeam,AwayTeam,FTHG,FTAG,FTR,HTHG,HTAG,HTR,Referee,HS,AS,HST,AST,HF,AF,HC,AC,HY,AY,HR,AR
E0,11/08/12,Aston Villa,Liverpool,1,2,A,0,1,A,M Riley,10,17,6,7,18,11,4,2,4,2,0,0
E0,11/08/12,Bolton,Newcastle,1,3,A,0,3,A,C Foy,13,7,9,5,15,16,4,3,1,1,0,0
E0,11/08/12,Derby,Portsmouth,2,2,D,1,1,D,M Dean,12,12,5,6,14,17,6,6,1,2,0,0
E0,11/08/12,Everton,Wigan,2,1,H,1,0,H,M Clattenburg,12,14,8,4,8,13,6,2,0,0,0,0
E0,11/08/12,Middlesbrough,Blackburn,1,2,A,1,0,H,A Marriner,10,4,6,4,16,16,13,3,3,4,0,0
E0,11/08/12,Sunderland,Tottenham,1,0,H,0,0,D,A Wiley,9,6,4,3,14,14,7,2,1,1,0,0
E0,11/08/12,West Ham,Man City,0,2,A,0,1,A,P Walton,9,14,2,5,13,11,5,3,0,4,0,0
E0,12/08/12,Arsenal,Fulham,2,1,H,0,1,A,P Dowd,19,12,13,9,6,19,14,4,1,5,0,0
E0,12/08/12,Chelsea,Birmingham,3,2,H,2,2,D,S Bennett,19,6,11,4,8,8,5,3,2,1,0,0
E0,12/08/12,Man United,Reading,0,0,D,0,0,D,R Styles,22,3,9,2,8,16,12,3,0,2,0,1
E0,14/08/12,Tottenham,Everton,1,3,A,1,3,A,M Halsey,14,16,8,10,16,9,9,4,2,0,0,0
E0,15/08/12,Birmingham,Sunderland,2,2,D,1,0,H,K Stroud,7,7,3,3,17,10,2,7,1,1,0,0
E0,15/08/12,Fulham,Bolton,2,1,H,2,1,H,L Probert,8,14,6,7,19,13,9,8,2,1,0,0
E0,15/08/12,Man City,Derby,1,0,H,1,0,H,L Mason,9,5,6,3,12,13,4,4,3,1,0,0
E0,15/08/12,Portsmouth,Man United,1,1,D,0,1,A,S Bennett,7,20,6,12,13,5,6,12,2,1,1,1
E0,15/08/12,Reading,Chelsea,1,2,A,1,0,H,M Dean,15,15,11,7,15,16,4,11,4,5,1,0
E0,15/08/12,Wigan,Middlesbrough,1,0,H,0,0,D,S Tanner,14,5,5,1,8,20,5,3,1,3,0,0
E0,18/08/12,Birmingham,West Ham,0,1,A,0,0,D,M Halsey,6,13,3,5,16,15,9,5,4,2,0,0
E0,18/08/12,Fulham,Middlesbrough,1,2,A,1,0,H,L Mason,13,9,6,6,9,12,8,7,1,3,0,0
E0,18/08/12,Newcastle,Aston Villa,0,0,D,0,0,D,H Webb,6,11,2,5,16,12,8,6,0,2,0,0
E0,18/08/12,Portsmouth,Bolton,3,1,H,2,1,H,S Tanner,11,8,6,3,13,11,10,6,0,2,0,0
E0,18/08/12,Reading,Everton,1,0,H,1,0,H,S Bennett,10,13,5,5,14,8,4,12,2,2,0,0
E0,18/08/12,Tottenham,Derby,4,0,H,3,0,H,C Foy,25,4,14,2,8,14,9,3,0,4,0,0
E0,18/08/12,Wigan,Sunderland,3,0,H,1,0,H,M Riley,9,9,4,6,8,17,5,9,0,2,0,0
E0,19/08/12,Blackburn,Arsenal,1,1,D,0,1,A,A Wiley,9,10,4,3,19,15,5,4,4,4,1,0
E0,19/08/12,Liverpool,Chelsea,1,1,D,1,0,H,R Styles,18,6,8,2,11,16,5,2,4,5,0,0
E0,19/08/12,Man City,Man United,1,0,H,1,0,H,M Clattenburg,6,15,2,6,8,11,0,11,2,2,0,0
E0,25/08/12,Arsenal,Man City,1,0,H,0,0,D,C Foy,16,8,10,4,8,9,8,2,0,1,0,0
E0,25/08/12,Aston Villa,Fulham,2,1,H,0,1,A,S Bennett,23,10,4,5,11,13,12,3,1,2,0,1
E0,25/08/12,Bolton,Reading,3,0,H,1,0,H,M Clattenburg,18,5,12,2,10,7,10,7,2,1,0,0
E0,25/08/12,Chelsea,Portsmouth,1,0,H,1,0,H,A Wiley,18,18,7,4,16,12,4,6,0,2,0,0
E0,25/08/12,Derby,Birmingham,1,2,A,0,1,A,L Probert,16,11,8,6,8,13,4,4,0,1,0,0
E0,25/08/12,Everton,Blackburn,1,1,D,0,1,A,M Riley,12,11,8,7,20,18,5,7,0,2,0,0
E0,25/08/12,Sunderland,Liverpool,0,2,A,0,1,A,M Halsey,7,17,2,12,12,12,6,4,1,1,0,0
E0,25/08/12,West Ham,Wigan,1,1,D,0,0,D,A Marriner,13,12,4,3,11,12,6,1,1,2,0,0
E0,26/08/12,Man United,Tottenham,1,0,H,0,0,D,H Webb,14,10,5,3,15,7,4,4,2,3,0,0
E0,26/08/12,Middlesbrough,Newcastle,2,2,D,1,1,D,M Dean,11,5,7,3,13,10,5,2,6,3,0,0
E0,01/09/12,Bolton,Everton,1,2,A,0,1,A,P Walton,13,15,7,11,8,10,11,6,1,3,0,0
E0,01/09/12,Fulham,Tottenham,3,3,D,1,2,A,M Riley,13,13,7,8,13,11,6,14,1,0,0,0
E0,01/09/12,Liverpool,Derby,6,0,H,2,0,H,A Wiley,20,8,10,3,10,14,4,2,0,1,0,0
E0,01/09/12,Man United,Sunderland,1,0,H,0,0,D,M Atkinson,17,4,9,1,10,7,6,0,1,2,0,0
E0,01/09/12,Middlesbrough,Birmingham,2,0,H,2,0,H,R Styles,13,9,7,4,8,12,11,5,1,3,0,0
E0,01/09/12,Newcastle,Wigan,1,0,H,0,0,D,S Bennett,20,7,8,6,15,18,9,1,2,4,0,1
E0,01/09/12,Reading,West Ham,0,3,A,0,1,A,H Webb,9,13,3,9,10,11,14,4,0,1,0,0
E0,02/09/12,Arsenal,Portsmouth,3,1,H,2,0,H,M Halsey,10,15,8,10,6,12,8,5,1,2,1,0
E0,02/09/12,Aston Villa,Chelsea,2,0,H,0,0,D,M Clattenburg,9,20,5,8,17,11,2,13,4,1,0,0
E0,02/09/12,Blackburn,Man City,1,0,H,1,0,H,M Dean,16,7,11,3,23,3,6,3,5,1,1,1
E0,15/09/12,Birmingham,Bolton,1,0,H,1,0,H,P Dowd,10,8,5,3,16,15,6,5,1,3,0,0
E0,15/09/12,Chelsea,Blackburn,0,0,D,0,0,D,H Webb,16,5,8,1,21,13,9,2,2,2,0,0
E0,15/09/12,Everton,Man United,0,1,A,0,0,D,A Wiley,8,16,2,8,20,10,3,6,2,2,0,0
E0,15/09/12,Portsmouth,Liverpool,0,0,D,0,0,D,M Riley,9,12,2,6,20,14,5,4,3,2,0,0
E0,15/09/12,Sunderland,Reading,2,1,H,1,0,H,S Tanner,14,10,8,4,14,18,9,9,1,2,0,0
E0,15/09/12,Tottenham,Arsenal,1,3,A,1,0,H,M Clattenburg,14,16,5,10,28,22,8,4,2,2,0,0
E0,15/09/12,West Ham,Middlesbrough,3,0,H,0,0,D,S Bennett,13,16,7,12,14,14,5,8,2,1,0,0
E0,15/09/12,Wigan,Fulham,1,1,D,0,1,A,R Styles,14,10,4,5,8,9,9,4,1,0,0,0
E0,16/09/12,Man City,Aston Villa,1,0,H,0,0,D,M Atkinson,12,11,8,2,11,14,8,6,1,1,0,0
E0,17/09/12,Derby,Newcastle,1,0,H,1,0,H,P Walton,10,8,3,3,16,11,5,5,2,3,0,0
E0,22/09/12,Arsenal,Derby,5,0,H,2,0,H,M Atkinson,15,4,9,3,9,12,5,4,1,1,0,0
E0,22/09/12,Fulham,Man City,3,3,D,1,1,D,M Halsey,13,11,8,5,10,7,6,2,3,2,0,0
E0,22/09/12,Liverpool,Birmingham,0,0,D,0,0,D,L Mason,18,5,4,2,3,10,11,2,0,2,0,0
E0,22/09/12,Middlesbrough,Sunderland,2,2,D,1,1,D,H Webb,16,11,5,6,18,11,7,2,3,4,0,0
E0,22/09/12,Reading,Wigan,2,1,H,1,0,H,K Stroud,15,9,7,5,17,13,6,7,3,2,0,0
E0,23/09/12,Aston Villa,Everton,2,0,H,1,0,H,L Probert,8,8,3,6,17,12,6,3,1,0,0,0
E0,23/09/12,Blackburn,Portsmouth,0,1,A,0,1,A,C Foy,9,13,3,7,6,16,7,4,0,3,0,0
E0,23/09/12,Bolton,Tottenham,1,1,D,1,1,D,A Marriner,5,10,4,7,14,15,4,11,0,2,0,0
E0,23/09/12,Man United,Chelsea,2,0,H,1,0,H,M Dean,17,4,9,1,10,15,10,1,2,2,0,1
E0,23/09/12,Newcastle,West Ham,3,1,H,2,1,H,M Riley,12,13,4,8,16,15,1,5,1,3,0,0
E0,29/09/12,Birmingham,Man United,0,1,A,0,0,D,S Bennett,17,11,9,4,14,11,4,4,3,1,0,0
E0,29/09/12,Chelsea,Fulham,0,0,D,0,0,D,M Atkinson,16,6,4,1,8,18,9,4,1,1,1,0
E0,29/09/12,Derby,Bolton,1,1,D,1,1,D,R Styles,10,12,6,7,15,8,7,8,3,2,0,0
E0,29/09/12,Man City,Newcastle,3,1,H,1,1,D,C Foy,16,12,12,8,7,10,3,9,0,0,0,0
E0,29/09/12,Portsmouth,Reading,7,4,H,2,1,H,M Halsey,25,13,17,7,4,7,8,4,1,1,0,0
E0,29/09/12,Sunderland,Blackburn,1,2,A,0,0,D,P Walton,14,14,12,8,11,4,10,2,1,0,0,0
E0,29/09/12,West Ham,Arsenal,0,1,A,0,1,A,A Wiley,9,16,4,12,15,14,3,14,2,2,0,0
E0,29/09/12,Wigan,Liverpool,0,1,A,0,0,D,M Clattenburg,9,14,3,10,11,10,5,6,2,1,0,0
E0,30/09/12,Everton,Middlesbrough,2,0,H,1,0,H,M Riley,13,13,9,5,17,21,2,6,0,4,0,0
E0,01/10/12,Tottenham,Aston Villa,4,4,D,1,3,A,M Dean,19,7,12,7,10,13,13,3,2,3,0,0
E0,06/10/12,Aston Villa,West Ham,1,0,H,1,0,H,S Tanner,5,8,5,3,17,12,7,4,3,2,0,0
E0,06/10/12,Man United,Wigan,4,0,H,0,0,D,M Riley,17,6,12,2,12,6,12,2,1,1,0,0
E0,07/10/12,Arsenal,Sunderland,3,2,H,2,1,H,R Styles,18,11,8,7,10,9,8,2,0,2,0,1
E0,07/10/12,Blackburn,Birmingham,2,1,H,1,0,H,M Clattenburg,17,6,5,5,15,13,6,7,3,1,0,0
E0,07/10/12,Bolton,Chelsea,0,1,A,0,1,A,A Wiley,13,15,7,8,17,8,5,5,5,1,0,0
E0,07/10/12,Fulham,Portsmouth,0,2,A,0,0,D,H Webb,13,14,10,8,7,17,8,5,1,0,0,0
E0,07/10/12,Liverpool,Tottenham,2,2,D,1,1,D,M Halsey,21,11,9,6,18,10,5,3,0,1,0,0
E0,07/10/12,Man City,Middlesbrough,3,1,H,2,0,H,S Bennett,18,17,13,11,11,13,8,8,2,3,0,0
E0,07/10/12,Newcastle,Everton,3,2,H,1,0,H,M Atkinson,15,11,10,6,13,19,8,2,2,1,0,0
E0,07/10/12,Reading,Derby,1,0,H,0,0,D,L Mason,11,7,3,0,9,18,3,3,1,1,0,0
E0,20/10/12,Arsenal,Bolton,2,0,H,0,0,D,M Riley,19,1,9,0,14,20,5,3,1,5,0,0
E0,20/10/12,Aston Villa,Man United,1,4,A,1,3,A,R Styles,11,21,5,13,8,8,3,9,2,2,2,0
E0,20/10/12,Blackburn,Reading,4,2,H,3,0,H,A Marriner,11,13,6,7,8,7,4,9,0,0,0,0
E0,20/10/12,Everton,Liverpool,1,2,A,1,0,H,M Clattenburg,6,17,1,7,8,14,9,6,1,2,2,0
E0,20/10/12,Fulham,Derby,0,0,D,0,0,D,P Dowd,13,13,9,9,10,10,6,8,0,2,1,0
E0,20/10/12,Man City,Birmingham,1,0,H,1,0,H,M Dean,12,13,4,8,17,12,6,7,3,2,0,0
E0,20/10/12,Middlesbrough,Chelsea,0,2,A,0,1,A,M Halsey,7,9,4,6,9,9,6,6,1,1,0,0
E0,20/10/12,Wigan,Portsmouth,0,2,A,0,0,D,P Walton,7,15,0,8,9,9,3,2,2,3,0,0
E0,21/10/12,West Ham,Sunderland,3,1,H,1,0,H,C Foy,12,16,7,10,8,17,6,7,3,2,0,0
E0,22/10/12,Newcastle,Tottenham,3,1,H,1,0,H,S Bennett,15,11,7,4,12,7,5,5,2,2,0,0
E0,27/10/12,Birmingham,Wigan,3,2,H,1,1,D,S Tanner,16,8,10,5,11,12,6,5,0,1,0,0
E0,27/10/12,Chelsea,Man City,6,0,H,2,0,H,M Riley,16,7,9,4,13,12,9,3,2,2,0,0
E0,27/10/12,Man United,Middlesbrough,4,1,H,2,1,H,A Wiley,18,7,14,4,10,15,2,4,0,2,0,0
E0,27/10/12,Portsmouth,West Ham,0,0,D,0,0,D,M Dean,10,10,3,3,18,9,11,5,2,4,0,0
E0,27/10/12,Reading,Newcastle,2,1,H,0,0,D,P Dowd,12,6,5,2,14,10,5,8,0,1,0,0
E0,27/10/12,Sunderland,Fulham,1,1,D,0,1,A,A Marriner,8,8,6,3,13,16,9,1,1,4,1,0
E0,28/10/12,Bolton,Aston Villa,1,1,D,1,0,H,M Atkinson,13,8,6,3,15,13,7,3,2,1,0,0
E0,28/10/12,Derby,Everton,0,2,A,0,1,A,S Bennett,5,7,2,3,11,12,0,2,1,1,0,0
E0,28/10/12,Liverpool,Arsenal,1,1,D,1,0,H,H Webb,11,11,8,4,16,10,4,1,3,3,0,0
E0,28/10/12,Tottenham,Blackburn,1,2,A,0,0,D,R Styles,9,9,6,4,11,14,10,2,4,3,0,0
E0,03/11/12,Arsenal,Man United,2,2,D,0,1,A,H Webb,16,10,6,4,15,15,3,4,1,2,0,0
E0,03/11/12,Aston Villa,Derby,2,0,H,0,0,D,M Halsey,15,8,7,2,7,20,7,4,0,3,0,0
E0,03/11/12,Blackburn,Liverpool,0,0,D,0,0,D,M Atkinson,15,11,7,7,7,11,6,3,0,1,0,0
E0,03/11/12,Everton,Birmingham,3,1,H,1,0,H,M Riley,16,7,9,6,14,22,6,5,0,1,0,0
E0,03/11/12,Fulham,Reading,3,1,H,1,0,H,M Clattenburg,9,13,7,6,11,6,8,9,3,0,1,0
E0,03/11/12,Middlesbrough,Tottenham,1,1,D,0,1,A,M Dean,5,9,3,4,13,8,6,7,1,0,0,0
E0,03/11/12,Newcastle,Portsmouth,1,4,A,1,3,A,C Foy,14,10,7,7,15,15,4,5,2,2,0,0
E0,03/11/12,Wigan,Chelsea,0,2,A,0,2,A,S Bennett,10,13,3,7,16,9,4,3,2,1,0,0
E0,04/11/12,West Ham,Bolton,1,1,D,1,0,H,P Walton,9,11,7,6,13,13,8,3,2,1,0,0
E0,05/11/12,Man City,Sunderland,1,0,H,0,0,D,A Wiley,7,8,3,2,11,14,2,3,0,1,0,0
E0,10/11/12,Derby,West Ham,0,5,A,0,1,A,M Clattenburg,9,16,2,11,12,9,4,5,2,2,0,0
E0,10/11/12,Liverpool,Fulham,2,0,H,0,0,D,S Tanner,20,5,12,3,9,12,8,2,0,2,0,0
E0,10/11/12,Sunderland,Newcastle,1,1,D,0,0,D,M Atkinson,19,9,8,5,10,15,7,4,1,2,0,0
E0,11/11/12,Birmingham,Aston Villa,1,2,A,0,1,A,S Bennett,13,13,8,6,17,8,8,5,3,2,0,0
E0,11/11/12,Bolton,Middlesbrough,0,0,D,0,0,D,L Probert,15,8,7,7,16,22,6,7,1,2,0,0
E0,11/11/12,Chelsea,Everton,1,1,D,0,0,D,A Wiley,15,6,10,2,13,16,9,1,2,2,0,0
E0,11/11/12,Man United,Blackburn,2,0,H,2,0,H,C Foy,22,12,15,7,7,19,9,4,1,4,0,1
E0,11/11/12,Portsmouth,Man City,0,0,D,0,0,D,M Halsey,20,10,12,5,11,7,9,1,1,1,0,0
E0,11/11/12,Tottenham,Wigan,4,0,H,3,0,H,H Webb,19,6,8,2,8,16,5,2,0,2,0,0
E0,12/11/12,Reading,Arsenal,1,3,A,0,1,A,R Styles,8,16,5,7,9,5,5,1,1,1,0,0
E0,24/11/12,Arsenal,Wigan,2,0,H,0,0,D,P Walton,13,7,6,2,9,17,7,3,1,4,0,0
E0,24/11/12,Birmingham,Portsmouth,0,2,A,0,1,A,M Atkinson,4,15,3,8,17,21,4,3,3,2,0,0
E0,24/11/12,Bolton,Man United,1,0,H,1,0,H,M Clattenburg,6,13,5,3,16,13,4,6,3,0,0,0
E0,24/11/12,Derby,Chelsea,0,2,A,0,1,A,A Marriner,9,9,4,5,8,6,3,2,0,1,0,1
E0,24/11/12,Everton,Sunderland,7,1,H,3,1,H,P Dowd,24,13,18,7,9,13,2,6,0,1,0,0
E0,24/11/12,Man City,Reading,2,1,H,1,1,D,S Tanner,13,5,9,3,12,15,2,7,0,2,0,0
E0,24/11/12,Middlesbrough,Aston Villa,0,3,A,0,1,A,K Stroud,15,11,8,8,16,17,11,6,2,1,0,0
E0,24/11/12,Newcastle,Liverpool,0,3,A,0,1,A,A Wiley,6,17,2,11,13,11,0,8,3,1,0,0
E0,25/11/12,Fulham,Blackburn,2,2,D,0,0,D,M Dean,5,12,2,10,19,10,3,6,2,1,0,0
E0,25/11/12,West Ham,Tottenham,1,1,D,1,0,H,M Riley,14,9,9,5,33,5,7,8,3,4,0,0
E0,28/11/12,Blackburn,Aston Villa,0,4,A,0,1,A,P Dowd,16,7,10,7,11,16,11,2,0,1,1,0
E0,01/12/12,Aston Villa,Arsenal,1,2,A,1,2,A,C Foy,11,14,5,9,16,10,4,7,3,2,0,0
E0,01/12/12,Blackburn,Newcastle,3,1,H,0,0,D,M Atkinson,13,20,6,8,21,17,1,1,2,3,0,0
E0,01/12/12,Chelsea,West Ham,1,0,H,0,0,D,H Webb,14,4,5,1,15,26,7,0,5,3,0,0
E0,01/12/12,Portsmouth,Everton,0,0,D,0,0,D,P Walton,20,4,6,2,14,13,9,0,1,2,0,0
E0,01/12/12,Reading,Middlesbrough,1,1,D,0,0,D,A Wiley,12,16,7,11,11,16,5,4,2,1,0,0
E0,01/12/12,Sunderland,Derby,1,0,H,0,0,D,M Halsey,20,12,9,9,12,15,5,3,1,1,0,0
E0,01/12/12,Wigan,Man City,1,1,D,1,1,D,M Riley,5,4,4,1,13,10,2,4,2,2,1,0
E0,02/12/12,Liverpool,Bolton,4,0,H,2,0,H,S Bennett,23,6,14,3,11,14,5,5,0,3,0,0
E0,02/12/12,Tottenham,Birmingham,2,3,A,0,1,A,P Dowd,17,7,9,3,10,13,12,3,0,1,1,0
E0,03/12/12,Man United,Fulham,2,0,H,1,0,H,R Styles,15,12,11,3,3,13,7,3,2,1,0,0
E0,05/12/12,Newcastle,Arsenal,1,1,D,0,1,A,M Dean,12,6,8,2,9,10,6,6,3,2,0,0
E0,08/12/12,Aston Villa,Portsmouth,1,3,A,0,2,A,M Riley,14,12,6,8,18,23,7,5,2,5,0,0
E0,08/12/12,Chelsea,Sunderland,2,0,H,1,0,H,P Walton,11,9,4,2,6,12,10,2,0,1,0,1
E0,08/12/12,Everton,Fulham,3,0,H,0,0,D,S Bennett,15,6,11,4,9,9,12,7,0,2,0,0
E0,08/12/12,Man United,Derby,4,1,H,2,0,H,C Foy,23,10,12,6,12,12,9,3,0,2,0,0
E0,08/12/12,Newcastle,Birmingham,2,1,H,1,1,D,R Styles,17,7,9,4,10,8,6,5,1,2,0,0
E0,08/12/12,Reading,Liverpool,3,1,H,1,1,D,A Marriner,7,15,4,5,10,10,7,7,0,1,0,0
E0,09/12/12,Blackburn,West Ham,0,1,A,0,0,D,A Wiley,15,11,7,5,15,17,9,5,1,1,0,0
E0,09/12/12,Bolton,Wigan,4,1,H,2,1,H,M Atkinson,8,11,6,7,13,11,5,11,2,1,0,0
E0,09/12/12,Middlesbrough,Arsenal,2,1,H,1,0,H,H Webb,13,7,7,4,15,13,5,4,2,2,0,0
E0,09/12/12,Tottenham,Man City,2,1,H,1,0,H,M Halsey,12,7,8,3,7,13,2,6,2,3,0,1
E0,15/12/12,Birmingham,Reading,1,1,D,1,0,H,L Probert,15,10,9,6,12,19,6,6,2,1,0,0
E0,15/12/12,Derby,Middlesbrough,0,1,A,0,1,A,R Styles,13,7,9,5,6,7,5,3,0,0,0,0
E0,15/12/12,Fulham,Newcastle,0,1,A,0,0,D,H Webb,10,6,5,4,17,10,7,6,0,1,0,0
E0,15/12/12,Man City,Bolton,4,2,H,1,2,A,P Walton,15,9,11,3,12,12,6,4,1,1,0,0
E0,15/12/12,Portsmouth,Tottenham,0,1,A,0,0,D,M Atkinson,9,12,5,5,22,13,4,4,3,2,0,0
E0,15/12/12,Sunderland,Aston Villa,1,1,D,1,0,H,S Bennett,9,14,7,11,17,14,5,13,2,2,0,0
E0,15/12/12,West Ham,Everton,0,2,A,0,1,A,S Tanner,11,12,3,8,16,14,9,2,1,2,0,0
E0,15/12/12,Wigan,Blackburn,5,3,H,3,1,H,M Clattenburg,9,9,7,5,17,24,6,4,4,4,0,1
E0,16/12/12,Arsenal,Chelsea,1,0,H,1,0,H,A Wiley,11,10,5,7,19,12,3,5,5,5,0,0
E0,16/12/12,Liverpool,Man United,0,1,A,0,1,A,M Halsey,19,5,6,3,14,13,3,3,2,3,0,0
E0,22/12/12,Arsenal,Tottenham,2,1,H,0,0,D,R Styles,9,10,5,5,10,10,5,1,1,3,0,0
E0,22/12/12,Aston Villa,Man City,1,1,D,1,1,D,L Mason,9,6,6,2,15,15,7,4,2,4,0,0
E0,22/12/12,Bolton,Birmingham,3,0,H,0,0,D,C Foy,10,4,6,1,14,18,7,2,3,2,0,0
E0,22/12/12,Fulham,Wigan,1,1,D,0,0,D,A Wiley,9,10,3,4,15,16,8,4,0,0,0,0
E0,22/12/12,Liverpool,Portsmouth,4,1,H,2,0,H,M Riley,14,9,7,3,13,11,3,1,1,2,0,0
E0,22/12/12,Middlesbrough,West Ham,1,2,A,1,1,D,M Atkinson,7,8,2,4,15,12,7,4,2,3,0,0
E0,22/12/12,Reading,Sunderland,2,1,H,0,0,D,S Tanner,17,8,9,4,9,17,7,2,0,4,0,0
E0,23/12/12,Blackburn,Chelsea,0,1,A,0,1,A,S Bennett,16,10,7,8,15,14,7,11,1,2,0,0
E0,23/12/12,Man United,Everton,2,1,H,1,1,D,H Webb,18,4,11,2,10,13,8,2,3,3,0,0
E0,23/12/12,Newcastle,Derby,2,2,D,1,1,D,A Marriner,23,9,13,6,12,20,9,2,2,2,0,0
E0,26/12/12,Birmingham,Middlesbrough,3,0,H,2,0,H,M Halsey,13,18,5,12,13,6,12,9,1,2,0,0
E0,26/12/12,Chelsea,Aston Villa,4,4,D,1,2,A,P Dowd,14,9,8,4,7,11,3,7,3,2,2,1
E0,26/12/12,Derby,Liverpool,1,2,A,0,1,A,A Wiley,9,22,4,10,9,9,2,7,1,0,0,0
E0,26/12/12,Everton,Bolton,2,0,H,0,0,D,R Styles,18,9,10,7,8,18,7,4,0,3,0,0
E0,26/12/12,Portsmouth,Arsenal,0,0,D,0,0,D,S Bennett,9,12,6,6,15,9,4,7,2,1,0,0
E0,26/12/12,Sunderland,Man United,0,4,A,0,3,A,U Rennie,10,17,3,11,14,12,4,3,2,1,0,0
E0,26/12/12,Tottenham,Fulham,5,1,H,2,0,H,A Marriner,12,9,8,4,10,17,3,5,1,4,0,1
E0,26/12/12,West Ham,Reading,1,1,D,1,0,H,P Walton,18,13,11,10,8,6,10,6,2,2,0,1
E0,26/12/12,Wigan,Newcastle,1,0,H,0,0,D,M Dean,8,7,6,6,13,22,3,2,1,4,0,0
E0,27/12/12,Man City,Blackburn,2,2,D,2,1,H,H Webb,5,7,2,5,10,16,3,3,1,1,0,0
E0,29/12/12,Birmingham,Fulham,1,1,D,0,1,A,M Clattenburg,15,10,6,7,13,14,8,6,0,3,0,1
E0,29/12/12,Chelsea,Newcastle,2,1,H,1,0,H,M Riley,16,3,10,2,9,11,12,3,1,2,0,0
E0,29/12/12,Everton,Arsenal,1,4,A,1,0,H,M Atkinson,10,10,3,7,14,13,10,2,0,5,1,1
E0,29/12/12,Portsmouth,Middlesbrough,0,1,A,0,1,A,A Wiley,18,13,9,7,10,17,4,4,1,4,0,0
E0,29/12/12,Sunderland,Bolton,3,1,H,2,1,H,P Dowd,5,5,5,3,12,16,2,6,1,2,0,0
E0,29/12/12,Tottenham,Reading,6,4,H,1,1,D,K Stroud,14,11,12,8,9,12,3,6,0,3,0,0
E0,29/12/12,West Ham,Man United,2,1,H,0,1,A,M Dean,11,7,5,3,10,12,6,3,2,0,0,0
E0,29/12/12,Wigan,Aston Villa,1,2,A,1,0,H,H Webb,3,5,3,4,18,9,6,5,1,1,0,0
E0,30/12/12,Derby,Blackburn,1,2,A,1,2,A,P Walton,13,23,7,18,14,13,9,7,1,3,0,0
E0,30/12/12,Man City,Liverpool,0,0,D,0,0,D,U Rennie,4,19,3,11,4,7,2,9,0,1,0,0
E0,01/01/13,Arsenal,West Ham,2,0,H,2,0,H,C Foy,21,15,13,7,5,7,5,7,0,3,0,0
E0,01/01/13,Aston Villa,Tottenham,2,1,H,1,0,H,S Tanner,14,9,4,6,5,16,8,2,0,3,0,0
E0,01/01/13,Fulham,Chelsea,1,2,A,1,0,H,M Halsey,5,11,2,5,7,8,4,8,1,0,0,0
E0,01/01/13,Man United,Birmingham,1,0,H,1,0,H,P Walton,18,11,13,4,11,8,2,0,1,4,0,0
E0,01/01/13,Middlesbrough,Everton,0,2,A,0,0,D,M Riley,7,5,4,3,18,11,5,6,0,1,0,0
E0,01/01/13,Reading,Portsmouth,0,2,A,0,1,A,M Dean,9,18,5,13,10,6,5,4,3,1,1,0
E0,02/01/13,Blackburn,Sunderland,1,0,H,0,0,D,R Styles,8,7,3,4,12,11,7,3,3,4,0,1
E0,02/01/13,Bolton,Derby,1,0,H,0,0,D,H Webb,12,9,5,3,8,10,11,7,2,3,0,0
E0,02/01/13,Liverpool,Wigan,1,1,D,0,0,D,S Bennett,15,6,11,1,13,16,4,1,2,1,0,0
E0,02/01/13,Newcastle,Man City,0,2,A,0,1,A,M Atkinson,16,12,10,7,8,12,8,7,0,3,0,0
E0,12/01/13,Arsenal,Birmingham,1,1,D,1,0,H,P Dowd,16,2,9,2,8,10,14,3,1,2,0,0
E0,12/01/13,Aston Villa,Reading,3,1,H,1,0,H,U Rennie,14,6,8,3,15,11,13,7,0,2,0,0
E0,12/01/13,Chelsea,Tottenham,2,0,H,1,0,H,A Wiley,8,6,6,2,17,11,4,7,2,4,0,0
E0,12/01/13,Derby,Wigan,0,1,A,0,0,D,M Clattenburg,2,12,1,4,12,16,1,6,1,2,1,0
E0,12/01/13,Everton,Man City,1,0,H,1,0,H,M Halsey,10,5,5,1,14,12,4,4,2,1,0,0
E0,12/01/13,Man United,Newcastle,6,0,H,0,0,D,R Styles,30,7,21,5,7,7,16,1,1,1,0,1
E0,12/01/13,Middlesbrough,Liverpool,1,1,D,1,0,H,A Marriner,8,14,3,7,4,11,3,9,1,1,0,0
E0,12/01/13,West Ham,Fulham,2,1,H,1,1,D,M Riley,12,9,9,2,19,13,8,7,0,1,0,0
E0,13/01/13,Bolton,Blackburn,1,2,A,1,0,H,M Dean,9,13,5,6,17,18,2,6,2,1,0,0
E0,13/01/13,Sunderland,Portsmouth,2,0,H,2,0,H,C Foy,12,9,5,5,14,6,7,5,3,1,0,0
E0,19/01/13,Birmingham,Chelsea,0,1,A,0,0,D,R Styles,15,12,7,9,9,5,6,10,1,1,0,0
E0,19/01/13,Blackburn,Middlesbrough,1,1,D,0,1,A,K Stroud,14,10,5,5,7,26,6,3,1,3,0,0
E0,19/01/13,Fulham,Arsenal,0,3,A,0,2,A,P Walton,5,11,0,4,13,10,4,3,0,1,0,0
E0,19/01/13,Newcastle,Bolton,0,0,D,0,0,D,A Wiley,13,7,5,5,14,15,9,6,1,2,0,0
E0,19/01/13,Portsmouth,Derby,3,1,H,2,1,H,M Dean,18,8,8,5,14,9,6,2,1,2,0,0
E0,19/01/13,Reading,Man United,0,2,A,0,0,D,S Bennett,9,21,6,9,11,8,8,6,1,1,0,0
E0,19/01/13,Tottenham,Sunderland,2,0,H,1,0,H,L Mason,17,14,13,8,13,13,6,7,2,2,0,0
E0,20/01/13,Man City,West Ham,1,1,D,1,1,D,P Dowd,11,11,6,5,15,20,5,10,2,4,0,0
E0,20/01/13,Wigan,Everton,1,2,A,0,2,A,L Probert,14,11,3,6,15,15,5,5,1,2,0,0
E0,21/01/13,Liverpool,Aston Villa,2,2,D,1,0,H,M Clattenburg,17,4,7,3,11,15,8,2,2,2,0,0
E0,26/01/13,Aston Villa,Blackburn,1,1,D,0,0,D,H Webb,5,9,3,4,14,15,2,7,0,2,0,0
E0,29/01/13,Arsenal,Newcastle,3,0,H,1,0,H,M Riley,10,7,4,3,11,15,4,2,1,3,0,0
E0,29/01/13,Bolton,Fulham,0,0,D,0,0,D,M Clattenburg,13,9,4,4,11,14,4,2,0,0,0,0
E0,29/01/13,Middlesbrough,Wigan,1,0,H,1,0,H,R Styles,7,10,3,6,12,13,4,9,0,1,0,0
E0,29/01/13,Sunderland,Birmingham,2,0,H,1,0,H,M Halsey,9,5,6,2,9,18,4,8,1,3,0,0
E0,30/01/13,Chelsea,Reading,1,0,H,1,0,H,M Dean,16,7,10,2,13,9,10,9,0,0,0,0
E0,30/01/13,Derby,Man City,1,1,D,0,0,D,S Bennett,12,10,6,5,11,11,6,5,1,1,0,0
E0,30/01/13,Everton,Tottenham,0,0,D,0,0,D,A Marriner,11,5,6,4,14,12,7,2,1,1,0,0
E0,30/01/13,Man United,Portsmouth,2,0,H,2,0,H,M Atkinson,25,3,14,3,9,11,5,3,0,1,0,0
E0,30/01/13,West Ham,Liverpool,1,0,H,0,0,D,A Wiley,8,13,2,5,11,19,4,6,0,3,0,0
E0,02/02/13,Birmingham,Derby,1,1,D,0,0,D,P Walton,11,6,7,3,7,11,5,5,1,5,0,0
E0,02/02/13,Blackburn,Everton,0,0,D,0,0,D,A Wiley,13,10,3,4,18,15,4,8,4,2,0,0
E0,02/02/13,Liverpool,Sunderland,3,0,H,0,0,D,R Styles,14,6,11,3,8,10,4,1,1,2,0,0
E0,02/02/13,Man City,Arsenal,1,3,A,1,2,A,A Marriner,5,14,2,9,7,7,1,9,2,0,0,0
E0,02/02/13,Portsmouth,Chelsea,1,1,D,0,0,D,H Webb,17,20,6,12,13,12,4,8,2,0,0,0
E0,02/02/13,Reading,Bolton,0,2,A,0,1,A,P Dowd,9,8,6,4,14,16,13,3,3,1,0,0
E0,02/02/13,Tottenham,Man United,1,1,D,1,0,H,M Clattenburg,10,16,8,10,18,10,8,9,3,7,0,0
E0,02/02/13,Wigan,West Ham,1,0,H,1,0,H,M Atkinson,10,5,3,1,11,12,6,3,1,3,0,0
E0,03/02/13,Fulham,Aston Villa,2,1,H,0,0,D,C Foy,11,11,8,6,9,13,3,10,1,2,0,0
E0,03/02/13,Newcastle,Middlesbrough,1,1,D,0,0,D,M Dean,10,19,8,11,13,11,11,6,1,4,0,0
E0,09/02/13,Aston Villa,Newcastle,4,1,H,0,1,A,L Mason,13,5,8,3,19,11,7,5,2,1,0,0
E0,09/02/13,Bolton,Portsmouth,0,1,A,0,0,D,P Walton,19,7,10,4,12,14,5,2,1,1,0,0
E0,09/02/13,Derby,Tottenham,0,3,A,0,0,D,M Atkinson,10,13,6,8,14,10,7,9,3,1,0,0
E0,09/02/13,Everton,Reading,1,0,H,0,0,D,M Halsey,11,14,6,5,13,13,8,8,0,0,0,0
E0,09/02/13,Middlesbrough,Fulham,1,0,H,1,0,H,P Dowd,11,10,6,5,12,10,7,3,1,2,0,0
E0,09/02/13,Sunderland,Wigan,2,0,H,1,0,H,M Dean,9,21,4,11,13,6,2,8,0,1,0,0
E0,09/02/13,West Ham,Birmingham,1,1,D,1,1,D,M Clattenburg,18,5,10,3,12,20,7,4,0,5,1,0
E0,10/02/13,Chelsea,Liverpool,0,0,D,0,0,D,M Riley,5,10,3,4,14,18,6,4,3,2,0,0
E0,10/02/13,Man United,Man City,1,2,A,0,2,A,H Webb,19,9,9,7,6,11,8,7,1,0,0,0
E0,11/02/13,Arsenal,Blackburn,2,0,H,1,0,H,S Bennett,13,6,9,2,12,6,7,5,1,0,0,0
E0,23/02/13,Birmingham,Arsenal,2,2,D,1,0,H,M Dean,2,26,1,13,9,13,1,7,0,2,1,0
E0,23/02/13,Fulham,West Ham,0,1,A,0,0,D,H Webb,18,12,14,6,12,17,5,8,3,0,1,0
E0,23/02/13,Liverpool,Middlesbrough,3,2,H,2,1,H,L Mason,13,6,8,3,8,11,6,2,2,5,0,1
E0,23/02/13,Newcastle,Man United,1,5,A,0,2,A,C Foy,10,16,5,10,13,12,7,4,4,0,0,0
E0,23/02/13,Portsmouth,Sunderland,1,0,H,0,0,D,P Dowd,17,5,10,2,13,13,5,3,1,2,0,0
E0,23/02/13,Wigan,Derby,2,0,H,0,0,D,A Wiley,22,5,18,3,10,12,14,2,0,1,0,0
E0,24/02/13,Blackburn,Bolton,4,1,H,1,0,H,M Clattenburg,11,15,6,9,16,21,5,4,2,4,0,0
E0,24/02/13,Reading,Aston Villa,1,2,A,0,1,A,M Atkinson,9,19,6,11,10,15,11,7,2,1,0,0
E0,25/02/13,Man City,Everton,0,2,A,0,2,A,R Styles,20,13,12,8,7,14,4,7,0,1,1,0
E0,01/03/13,Arsenal,Aston Villa,1,1,D,0,1,A,M Clattenburg,16,5,7,4,8,13,8,7,1,2,0,0
E0,01/03/13,Birmingham,Tottenham,4,1,H,1,0,H,L Probert,13,19,10,10,14,10,5,6,1,0,0,0
E0,01/03/13,Derby,Sunderland,0,0,D,0,0,D,M Riley,8,13,4,5,19,15,4,5,5,1,0,0
E0,01/03/13,Fulham,Man United,0,3,A,0,2,A,M Dean,13,16,7,10,6,13,3,6,0,0,0,0
E0,01/03/13,Man City,Wigan,0,0,D,0,0,D,S Bennett,12,8,6,5,12,7,4,1,0,1,0,0
E0,01/03/13,Middlesbrough,Reading,0,1,A,0,0,D,H Webb,10,6,5,3,10,17,7,2,4,5,0,0
E0,01/03/13,Newcastle,Blackburn,0,1,A,0,0,D,R Styles,17,14,9,6,10,7,14,7,1,2,0,0
E0,01/03/13,West Ham,Chelsea,0,4,A,0,3,A,P Walton,9,13,7,8,14,6,6,1,0,2,0,1
E0,02/03/13,Bolton,Liverpool,1,3,A,0,1,A,P Dowd,7,12,2,9,7,14,3,10,2,1,0,0
E0,02/03/13,Everton,Portsmouth,3,1,H,1,1,D,A Marriner,13,9,5,5,12,18,10,3,1,1,0,0
E0,05/03/13,Liverpool,West Ham,4,0,H,1,0,H,S Bennett,20,2,11,2,9,15,16,3,0,3,0,0
E0,08/03/13,Blackburn,Fulham,1,1,D,0,0,D,M Riley,14,8,4,4,19,16,7,7,2,2,0,0
E0,08/03/13,Liverpool,Newcastle,3,0,H,2,0,H,P Walton,15,6,13,4,8,7,12,8,1,0,0,0
E0,08/03/13,Reading,Man City,2,0,H,0,0,D,U Rennie,13,12,8,5,9,11,7,5,0,2,0,0
E0,09/03/13,Sunderland,Everton,0,1,A,0,0,D,A Wiley,9,7,6,6,17,9,3,4,2,1,0,0
E0,09/03/13,Tottenham,West Ham,4,0,H,2,0,H,C Foy,18,8,11,4,6,17,8,4,0,2,0,1
E0,09/03/13,Wigan,Arsenal,0,0,D,0,0,D,R Styles,6,10,3,6,10,8,8,5,2,2,0,0
E0,12/03/13,Aston Villa,Middlesbrough,1,1,D,0,1,A,S Bennett,5,10,3,2,15,21,4,4,0,4,0,0
E0,12/03/13,Chelsea,Derby,6,1,H,2,0,H,C Foy,14,4,10,3,7,17,7,0,0,1,0,0
E0,12/03/13,Portsmouth,Birmingham,4,2,H,2,2,D,S Tanner,13,7,9,5,8,10,4,3,0,1,0,0
E0,15/03/13,Arsenal,Middlesbrough,1,1,D,0,1,A,M Halsey,17,4,9,1,7,10,11,1,0,2,0,1
E0,15/03/13,Derby,Man United,0,1,A,0,0,D,P Dowd,10,17,8,9,13,7,5,11,4,1,0,0
E0,15/03/13,Liverpool,Reading,2,1,H,1,1,D,A Marriner,19,7,8,3,7,22,7,2,0,5,0,0
E0,15/03/13,Portsmouth,Aston Villa,2,0,H,2,0,H,C Foy,13,16,5,10,17,13,3,6,3,1,1,1
E0,15/03/13,Sunderland,Chelsea,0,1,A,0,1,A,M Dean,11,11,4,3,8,9,7,7,2,1,0,0
E0,15/03/13,West Ham,Blackburn,2,1,H,1,1,D,M Atkinson,12,9,6,5,11,13,8,10,1,3,0,0
E0,16/03/13,Fulham,Everton,1,0,H,0,0,D,S Bennett,10,7,2,4,14,6,3,3,1,0,0,0
E0,16/03/13,Man City,Tottenham,2,1,H,0,1,A,M Clattenburg,13,12,8,7,11,3,5,5,0,0,0,0
E0,16/03/13,Wigan,Bolton,1,0,H,1,0,H,S Tanner,10,12,7,7,16,13,8,5,2,3,1,0
E0,17/03/13,Birmingham,Newcastle,1,1,D,1,0,H,H Webb,12,13,4,7,8,12,3,8,2,2,0,0
E0,19/03/13,Man United,Bolton,2,0,H,2,0,H,A Wiley,21,14,12,10,12,14,6,3,0,2,0,0
E0,19/03/13,Tottenham,Chelsea,4,4,D,1,2,A,M Riley,10,10,9,8,10,16,10,2,2,2,0,0
E0,22/03/13,Aston Villa,Sunderland,0,1,A,0,0,D,H Webb,9,12,3,3,9,11,4,4,0,2,0,0
E0,22/03/13,Blackburn,Wigan,3,1,H,2,1,H,M Dean,11,14,7,7,19,15,1,9,1,3,1,1
E0,22/03/13,Bolton,Man City,0,0,D,0,0,D,A Marriner,17,7,7,4,9,14,12,12,1,0,0,0
E0,22/03/13,Everton,West Ham,1,1,D,1,0,H,M Halsey,14,13,7,5,10,10,4,4,0,0,0,0
E0,22/03/13,Middlesbrough,Derby,1,0,H,1,0,H,M Atkinson,6,5,3,1,9,10,9,2,2,1,0,0
E0,22/03/13,Newcastle,Fulham,2,0,H,1,0,H,A Wiley,15,9,9,5,9,5,6,4,0,1,0,0
E0,22/03/13,Reading,Birmingham,2,1,H,1,0,H,M Riley,13,13,8,7,16,15,8,7,0,1,0,0
E0,22/03/13,Tottenham,Portsmouth,2,0,H,0,0,D,P Dowd,17,4,8,4,8,13,7,2,0,1,0,0
E0,23/03/13,Chelsea,Arsenal,2,1,H,0,0,D,M Clattenburg,11,7,8,5,10,13,4,2,3,1,0,0
E0,23/03/13,Man United,Liverpool,3,0,H,1,0,H,S Bennett,22,8,15,4,11,12,2,4,1,3,0,1
E0,29/03/13,Birmingham,Man City,3,1,H,1,0,H,R Styles,10,8,7,4,13,10,5,2,0,2,1,0
E0,29/03/13,Bolton,Arsenal,2,3,A,2,0,H,C Foy,13,17,9,8,12,10,8,6,2,2,0,1
E0,29/03/13,Derby,Fulham,2,2,D,1,1,D,M Dean,19,9,13,4,18,16,4,5,2,4,0,0
E0,29/03/13,Man United,Aston Villa,4,0,H,2,0,H,M Halsey,14,13,7,6,7,5,4,7,1,1,0,0
E0,29/03/13,Portsmouth,Wigan,2,0,H,1,0,H,A Wiley,12,17,7,9,10,13,5,4,1,2,0,0
E0,29/03/13,Reading,Blackburn,0,0,D,0,0,D,M Clattenburg,8,9,2,6,10,15,6,7,3,5,1,0
E0,29/03/13,Sunderland,West Ham,2,1,H,1,1,D,A Marriner,22,10,12,4,9,10,13,4,2,1,0,0
E0,30/03/13,Chelsea,Middlesbrough,1,0,H,1,0,H,P Dowd,16,7,6,3,11,9,8,3,1,1,0,0
E0,30/03/13,Liverpool,Everton,1,0,H,1,0,H,H Webb,15,3,9,2,13,14,11,4,1,4,0,0
E0,30/03/13,Tottenham,Newcastle,1,4,A,1,1,D,S Bennett,18,17,10,9,10,8,6,7,1,1,0,0
E0,05/04/13,Arsenal,Liverpool,1,1,D,0,1,A,P Dowd,8,11,6,4,10,10,5,3,1,2,0,0
E0,05/04/13,Aston Villa,Bolton,4,0,H,1,0,H,M Atkinson,10,6,6,3,15,9,5,4,2,1,0,0
E0,05/04/13,Blackburn,Tottenham,1,1,D,1,1,D,P Walton,12,11,7,8,20,4,1,1,3,1,0,0
E0,05/04/13,Fulham,Sunderland,1,3,A,0,1,A,M Halsey,14,9,5,6,12,9,8,5,2,0,0,0
E0,05/04/13,Man City,Chelsea,0,2,A,0,1,A,C Foy,14,10,7,5,6,12,7,5,1,0,0,0
E0,05/04/13,Newcastle,Reading,3,0,H,2,0,H,L Probert,14,8,9,3,10,11,9,7,0,1,0,0
E0,05/04/13,Wigan,Birmingham,2,0,H,1,0,H,M Dean,15,5,8,1,11,17,2,2,1,2,0,1
E0,06/04/13,Everton,Derby,1,0,H,0,0,D,A Marriner,11,7,5,5,17,19,9,8,1,3,0,0
E0,06/04/13,Middlesbrough,Man United,2,2,D,1,1,D,M Riley,12,15,7,7,20,11,4,10,3,1,0,0
E0,08/04/13,West Ham,Portsmouth,0,1,A,0,0,D,L Probert,10,18,8,9,16,11,7,4,0,0,0,0
E0,12/04/13,Birmingham,Everton,1,1,D,0,0,D,S Bennett,14,13,7,6,9,6,11,1,1,1,0,0
E0,12/04/13,Bolton,West Ham,1,0,H,0,0,D,P Walton,12,11,9,7,12,11,12,5,1,1,0,0
E0,12/04/13,Derby,Aston Villa,0,6,A,0,3,A,K Stroud,8,16,5,12,15,15,3,2,0,0,0,0
E0,12/04/13,Portsmouth,Newcastle,0,0,D,0,0,D,P Dowd,17,14,8,5,11,8,2,11,1,1,0,0
E0,12/04/13,Reading,Fulham,0,2,A,0,1,A,C Foy,4,16,0,8,11,5,4,7,0,1,0,0
E0,12/04/13,Sunderland,Man City,1,2,A,0,0,D,M Riley,12,7,7,5,13,12,6,2,3,2,0,0
E0,12/04/13,Tottenham,Middlesbrough,1,1,D,1,0,H,M Halsey,12,13,9,7,6,19,2,7,0,3,0,0
E0,13/04/13,Liverpool,Blackburn,3,1,H,0,0,D,A Wiley,17,7,9,3,12,10,5,1,1,0,0,0
E0,13/04/13,Man United,Arsenal,2,1,H,0,0,D,H Webb,13,18,7,11,12,7,6,5,2,6,0,0
E0,14/04/13,Chelsea,Wigan,1,1,D,0,0,D,A Marriner,19,6,10,5,10,17,9,3,0,2,0,0
E0,17/04/13,Everton,Chelsea,0,1,A,0,1,A,M Atkinson,10,5,5,3,8,9,4,6,0,2,0,0
E0,19/04/13,Arsenal,Reading,2,0,H,2,0,H,P Walton,19,4,12,2,7,15,12,4,0,3,0,0
E0,19/04/13,Blackburn,Man United,1,1,D,1,0,H,R Styles,4,13,3,10,14,12,3,8,1,1,0,0
E0,19/04/13,Fulham,Liverpool,0,2,A,0,1,A,M Atkinson,10,16,6,7,9,10,3,3,1,0,0,0
E0,19/04/13,Middlesbrough,Bolton,0,1,A,0,0,D,A Wiley,16,12,10,9,10,14,7,4,0,2,0,0
E0,19/04/13,West Ham,Derby,2,1,H,1,0,H,S Tanner,12,12,8,8,11,13,5,11,2,1,0,0
E0,19/04/13,Wigan,Tottenham,1,1,D,1,1,D,L Probert,13,15,7,12,8,9,2,6,2,1,0,0
E0,20/04/13,Aston Villa,Birmingham,5,1,H,2,0,H,M Clattenburg,16,11,9,6,11,20,7,8,0,1,0,0
E0,20/04/13,Man City,Portsmouth,3,1,H,2,1,H,A Marriner,16,12,10,6,7,6,6,3,1,1,0,1
E0,20/04/13,Newcastle,Sunderland,2,0,H,2,0,H,M Dean,8,12,4,8,8,13,4,4,0,5,0,0
E0,26/04/13,Birmingham,Liverpool,2,2,D,1,0,H,P Walton,5,12,3,7,6,9,3,5,2,1,0,0
E0,26/04/13,Chelsea,Man United,2,1,H,1,0,H,A Wiley,13,7,8,6,14,16,8,3,3,4,0,0
E0,26/04/13,Man City,Fulham,2,3,A,2,0,H,M Dean,10,18,5,13,9,7,3,4,0,1,0,0
E0,26/04/13,Sunderland,Middlesbrough,3,2,H,2,1,H,S Bennett,10,10,5,6,13,9,7,1,3,2,0,0
E0,26/04/13,Tottenham,Bolton,1,1,D,0,0,D,M Clattenburg,26,7,13,4,6,11,12,3,1,3,0,0
E0,26/04/13,West Ham,Newcastle,2,2,D,2,2,D,U Rennie,18,4,11,3,13,11,6,1,2,3,0,0
E0,26/04/13,Wigan,Reading,0,0,D,0,0,D,M Atkinson,12,7,5,2,18,13,6,5,2,4,0,0
E0,27/04/13,Everton,Aston Villa,2,2,D,0,0,D,P Dowd,13,6,7,3,10,17,9,6,3,3,0,0
E0,27/04/13,Portsmouth,Blackburn,0,1,A,0,0,D,M Riley,15,12,6,9,20,12,8,7,2,2,0,0
E0,28/04/13,Derby,Arsenal,2,6,A,1,2,A,A Marriner,12,20,10,11,6,7,5,6,0,0,0,0
E0,03/05/13,Aston Villa,Wigan,0,2,A,0,0,D,R Styles,14,9,5,5,7,8,8,2,0,1,0,0
E0,03/05/13,Blackburn,Derby,3,1,H,1,1,D,U Rennie,25,6,14,3,12,17,10,1,0,0,0,0
E0,03/05/13,Bolton,Sunderland,2,0,H,1,0,H,M Atkinson,4,5,2,4,11,12,3,1,1,0,0,0
E0,03/05/13,Fulham,Birmingham,2,0,H,0,0,D,C Foy,9,2,6,0,10,12,2,8,2,5,0,0
E0,03/05/13,Man United,West Ham,4,1,H,3,1,H,M Riley,8,9,4,5,15,16,4,2,1,3,1,0
E0,03/05/13,Middlesbrough,Portsmouth,2,0,H,1,0,H,P Walton,11,13,7,8,16,11,7,5,1,1,0,0
E0,03/05/13,Reading,Tottenham,0,1,A,0,1,A,H Webb,13,13,6,7,10,7,10,1,1,0,0,0
E0,04/05/13,Arsenal,Everton,1,0,H,0,0,D,A Wiley,11,8,2,4,10,4,8,3,0,1,0,0
E0,04/05/13,Liverpool,Man City,1,0,H,0,0,D,M Halsey,23,4,10,3,9,5,12,5,0,0,0,0
E0,05/05/13,Newcastle,Chelsea,0,2,A,0,0,D,S Bennett,13,18,5,9,13,15,1,6,2,2,0,0
E0,11/05/13,Birmingham,Blackburn,4,1,H,1,0,H,H Webb,15,14,9,9,16,11,5,2,3,2,0,0
E0,11/05/13,Chelsea,Bolton,1,1,D,0,0,D,C Foy,19,6,12,4,12,8,9,2,1,3,0,0
E0,11/05/13,Derby,Reading,0,4,A,0,1,A,M Riley,6,11,2,7,17,13,2,0,0,1,0,0
E0,11/05/13,Everton,Newcastle,3,1,H,1,0,H,P Walton,20,3,11,2,11,12,6,2,0,2,0,0
E0,11/05/13,Middlesbrough,Man City,8,1,H,2,0,H,P Dowd,19,8,15,2,10,9,7,0,2,1,0,1
E0,11/05/13,Portsmouth,Fulham,0,1,A,0,0,D,M Clattenburg,15,7,10,4,13,11,5,6,0,0,0,0
E0,11/05/13,Sunderland,Arsenal,0,1,A,0,1,A,K Stroud,13,12,5,8,14,12,3,4,1,1,0,0
E0,11/05/13,Tottenham,Liverpool,0,2,A,0,0,D,U Rennie,6,18,3,12,11,9,8,4,1,1,0,0
E0,11/05/13,West Ham,Aston Villa,2,2,D,1,1,D,M Dean,16,13,8,8,9,21,7,8,2,2,0,0
E0,11/05/13,Wigan,Man United,0,2,A,0,1,A,S Bennett,15,11,6,6,10,5,5,12,3,2,0,0
